PLAYER_ID, PLAYER_NAME, TEAM_ID, TEAM_ABBREVIATION, GP, W, L, MIN, STL, BLK, DREB, DEF_RIM_FGM, DEF_RIM_FG_PCT
201166, Aaron Brooks, 1610612750, MIN, 29, 18, 11, 5.5, 0.2, 0.0, 0.3, 0.3, 0.727
203932, Aaron Gordon, 1610612753, ORL, 42, 13, 29, 33.7, 0.9, 0.8, 6.5, 2.5, 0.61
1627846, Abdel Nader, 1610612738, BOS, 29, 21, 8, 9.3, 0.2, 0.1, 1.0, 0.3, 0.643
203940, Adreian Payne, 1610612753, ORL, 5, 0, 5, 8.5, 0.4, 0.0, 1.4, 0.4, 0.4
201143, Al Horford, 1610612738, BOS, 54, 35, 19, 31.9, 0.6, 1.2, 6.2, 2.9, 0.572
2744, Al Jefferson, 1610612754, IND, 29, 15, 14, 13.4, 0.4, 0.6, 3.0, 1.9, 0.667
202329, Al-Farouq Aminu, 1610612757, POR, 48, 26, 22, 30.1, 0.9, 0.6, 6.1, 2.2, 0.6
202692, Alec Burks, 1610612762, UTA, 55, 28, 27, 17.7, 0.6, 0.1, 2.9, 0.9, 0.686
1628409, Alec Peters, 1610612756, PHX, 9, 0, 9, 9.1, 0.0, 0.2, 1.6, 0.7, 0.545
203518, Alex Abrines, 1610612760, OKC, 54, 30, 24, 16.0, 0.5, 0.1, 1.3, 1.1, 0.685
1627936, Alex Caruso, 1610612747, LAL, 24, 10, 14, 12.9, 0.5, 0.3, 1.0, 0.8, 0.643
203458, Alex Len, 1610612756, PHX, 52, 17, 35, 20.7, 0.4, 0.9, 5.3, 2.8, 0.575
1627816, Alex Poythress, 1610612754, IND, 22, 10, 12, 4.2, 0.1, 0.0, 0.3, 0.4, 0.727
1628035, Alfonzo McKinnie, 1610612761, TOR, 12, 11, 1, 4.0, 0.1, 0.1, 0.5, 0.3, 0.8
203459, Allen Crabbe, 1610612751, BKN, 56, 17, 39, 29.4, 0.6, 0.4, 4.0, 1.0, 0.675
101161, Amir Johnson, 1610612755, PHI, 55, 31, 24, 15.4, 0.6, 0.6, 2.7, 2.1, 0.606
203083, Andre Drummond, 1610612765, DET, 58, 27, 31, 33.4, 1.6, 1.6, 10.7, 3.5, 0.589
2738, Andre Iguodala, 1610612744, GSW, 52, 40, 12, 25.4, 0.8, 0.6, 2.9, 1.1, 0.655
203460, Andre Roberson, 1610612760, OKC, 37, 24, 13, 26.6, 1.2, 0.8, 2.8, 2.1, 0.705
101106, Andrew Bogut, 1610612747, LAL, 24, 7, 17, 9.0, 0.2, 0.5, 2.2, 0.7, 0.586
1626150, Andrew Harrison, 1610612763, MEM, 51, 16, 35, 23.0, 0.7, 0.5, 1.9, 1.2, 0.75
1628510, Andrew White III, 1610612737, ATL, 3, 0, 3, 12.2, 0.3, 0.0, 0.7, 1.0, 1.0
203952, Andrew Wiggins, 1610612750, MIN, 63, 37, 26, 36.2, 1.1, 0.7, 3.2, 2.5, 0.724
1627790, Ante Zizic, 1610612739, CLE, 16, 10, 6, 3.0, 0.0, 0.3, 0.7, 0.3, 0.714
203076, Anthony Davis, 1610612740, NOP, 54, 31, 23, 36.7, 1.4, 2.2, 8.4, 3.0, 0.566
201229, Anthony Tolliver, 1610612765, DET, 57, 26, 31, 21.2, 0.4, 0.2, 2.3, 1.3, 0.585
1628469, Antonio Blakeney, 1610612741, CHI, 12, 1, 11, 14.2, 0.2, 0.0, 1.4, 0.5, 0.545
1628499, Antonius Cleveland, 1610612737, ATL, 13, 5, 8, 6.2, 0.5, 0.3, 0.6, 0.6, 0.889
203382, Aron Baynes, 1610612738, BOS, 58, 39, 19, 17.9, 0.3, 0.7, 3.7, 2.1, 0.621
201167, Arron Afflalo, 1610612753, ORL, 45, 14, 31, 12.8, 0.0, 0.2, 1.3, 0.4, 0.588
203085, Austin Rivers, 1610612746, LAC, 39, 20, 19, 33.0, 1.1, 0.3, 1.9, 1.5, 0.702
202340, Avery Bradley, 1610612746, LAC, 46, 22, 24, 31.2, 1.1, 0.2, 2.0, 1.3, 0.773
1628389, Bam Adebayo, 1610612748, MIA, 51, 24, 27, 20.3, 0.5, 0.7, 3.8, 1.2, 0.561
203463, Ben McLemore, 1610612763, MEM, 37, 5, 32, 16.7, 0.6, 0.2, 1.4, 1.0, 0.725
1628500, Ben Moore, 1610612754, IND, 2, 1, 1, 4.6, 0.0, 0.0, 0.5, 0.0, 0.0
1627732, Ben Simmons, 1610612755, PHI, 57, 31, 26, 34.9, 1.8, 0.9, 5.9, 1.4, 0.598
202687, Bismack Biyombo, 1610612753, ORL, 60, 18, 42, 19.2, 0.3, 1.3, 4.1, 2.3, 0.565
201933, Blake Griffin, 1610612765, DET, 44, 22, 22, 34.3, 0.8, 0.3, 6.3, 2.7, 0.578
1626246, Boban Marjanovic, 1610612746, LAC, 22, 10, 12, 8.5, 0.3, 0.3, 2.0, 0.9, 0.645
201628, Bobby Brown, 1610612745, HOU, 20, 17, 3, 5.7, 0.2, 0.0, 0.4, 0.3, 1.0
1626171, Bobby Portis, 1610612741, CHI, 52, 18, 34, 21.3, 0.6, 0.3, 4.3, 1.9, 0.654
203992, Bogdan Bogdanovic, 1610612758, SAC, 58, 17, 41, 27.5, 1.0, 0.3, 2.3, 1.3, 0.676
202711, Bojan Bogdanovic, 1610612754, IND, 59, 33, 26, 30.7, 0.7, 0.1, 2.9, 1.6, 0.762
203078, Bradley Beal, 1610612764, WAS, 61, 36, 25, 36.4, 1.2, 0.5, 3.7, 2.1, 0.751
201148, Brandan Wright, 1610612745, HOU, 28, 11, 17, 13.6, 0.5, 0.9, 2.2, 1.0, 0.583
1627742, Brandon Ingram, 1610612747, LAL, 55, 25, 30, 33.7, 0.8, 0.8, 4.4, 1.9, 0.675
203464, Brandon Paul, 1610612759, SAS, 53, 31, 22, 9.2, 0.5, 0.1, 1.1, 0.4, 0.731
1627362, Briante Weber, 1610612745, HOU, 13, 7, 6, 9.1, 0.8, 0.2, 1.2, 1.5, 0.905
1627744, Brice Johnson, 1610612763, MEM, 11, 2, 9, 4.1, 0.6, 0.2, 1.3, 0.3, 0.6
201572, Brook Lopez, 1610612747, LAL, 51, 25, 26, 21.3, 0.4, 1.4, 2.8, 2.7, 0.582
203998, Bruno Caboclo, 1610612758, SAC, 3, 2, 1, 8.4, 0.7, 0.0, 0.7, 0.3, 0.5
1627854, Bryn Forbes, 1610612759, SAS, 61, 36, 25, 20.4, 0.4, 0.0, 1.3, 1.0, 0.855
1627741, Buddy Hield, 1610612758, SAC, 59, 18, 41, 24.0, 0.9, 0.3, 3.1, 1.7, 0.707
203710, C.J. Williams, 1610612746, LAC, 28, 14, 14, 19.4, 0.9, 0.5, 1.2, 1.2, 0.791
203468, CJ McCollum, 1610612757, POR, 60, 34, 26, 36.0, 1.0, 0.4, 3.2, 1.2, 0.64
101139, CJ Miles, 1610612761, TOR, 49, 34, 15, 18.4, 0.6, 0.3, 1.7, 0.7, 0.733
1628403, Caleb Swanigan, 1610612757, POR, 18, 10, 8, 7.9, 0.3, 0.2, 1.3, 0.4, 0.636
1626166, Cameron Payne, 1610612741, CHI, 4, 0, 4, 18.6, 0.8, 1.0, 1.8, 1.0, 0.8
1627747, Caris LeVert, 1610612751, BKN, 50, 17, 33, 25.7, 1.1, 0.3, 3.0, 1.3, 0.698
2546, Carmelo Anthony, 1610612760, OKC, 57, 33, 24, 32.2, 0.6, 0.6, 5.1, 2.2, 0.74
1626224, Cedi Osman, 1610612739, CLE, 49, 28, 21, 9.9, 0.3, 0.1, 1.6, 0.5, 0.649
202718, Chandler Parsons, 1610612763, MEM, 27, 10, 17, 20.6, 0.5, 0.3, 2.3, 1.0, 0.818
101112, Channing Frye, 1610612747, LAL, 45, 27, 18, 12.4, 0.4, 0.3, 2.2, 1.7, 0.709
1628429, Charles Cooke, 1610612740, NOP, 9, 5, 4, 2.6, 0.1, 0.0, 0.1, 0.1, 0.5
1627767, Cheick Diallo, 1610612740, NOP, 32, 16, 16, 8.6, 0.1, 0.3, 2.3, 1.3, 0.627
1626191, Chris McCullough, 1610612764, WAS, 19, 11, 8, 4.7, 0.0, 0.3, 0.9, 0.3, 0.5
101108, Chris Paul, 1610612745, HOU, 42, 36, 6, 32.0, 1.8, 0.3, 5.1, 2.3, 0.733
203991, Clint Capela, 1610612745, HOU, 54, 45, 9, 27.3, 0.7, 1.8, 7.8, 4.2, 0.605
203469, Cody Zeller, 1610612766, CHA, 30, 14, 16, 19.0, 0.4, 0.7, 3.3, 1.4, 0.589
202332, Cole Aldrich, 1610612750, MIN, 15, 10, 5, 2.1, 0.1, 0.1, 0.3, 0.1, 0.667
201147, Corey Brewer, 1610612747, LAL, 53, 21, 32, 12.8, 0.8, 0.2, 1.3, 1.0, 0.739
202709, Cory Joseph, 1610612754, IND, 60, 34, 26, 26.4, 0.9, 0.2, 2.6, 1.2, 0.705
201584, Courtney Lee, 1610612752, NYK, 61, 23, 38, 31.7, 1.1, 0.2, 2.7, 1.3, 0.794
1626245, Cristiano Felicio, 1610612741, CHI, 35, 6, 29, 14.1, 0.1, 0.3, 1.8, 1.4, 0.676
1626156, D'Angelo Russell, 1610612751, BKN, 28, 8, 20, 24.7, 0.7, 0.2, 3.1, 0.9, 0.658
201571, D.J. Augustin, 1610612753, ORL, 53, 16, 37, 21.4, 0.8, 0.0, 1.5, 0.8, 0.754
1628391, D.J. Wilson, 1610612749, MIL, 18, 10, 8, 3.3, 0.1, 0.1, 0.3, 0.6, 0.667
1626177, Dakari Johnson, 1610612760, OKC, 25, 17, 8, 5.5, 0.2, 0.2, 0.6, 0.6, 0.737
1627745, Damian Jones, 1610612744, GSW, 3, 2, 1, 2.6, 0.0, 0.3, 0.0, 0.3, 0.5
203081, Damian Lillard, 1610612757, POR, 54, 30, 24, 36.5, 1.0, 0.4, 3.9, 1.1, 0.698
2863, Damien Wilkins, 1610612754, IND, 19, 10, 9, 8.0, 0.1, 0.1, 0.6, 0.5, 0.75
1628422, Damyean Dotson, 1610612752, NYK, 29, 7, 22, 8.5, 0.2, 0.0, 1.2, 0.6, 0.75
1627772, Daniel Hamilton, 1610612760, OKC, 4, 3, 1, 6.3, 0.3, 0.0, 1.3, 0.3, 1.0
1628464, Daniel Theis, 1610612738, BOS, 57, 39, 18, 14.9, 0.5, 0.8, 2.9, 1.7, 0.583
201568, Danilo Gallinari, 1610612746, LAC, 19, 11, 8, 32.3, 0.6, 0.3, 4.5, 1.9, 0.587
201980, Danny Green, 1610612759, SAS, 49, 29, 20, 26.2, 1.0, 1.1, 3.1, 2.2, 0.682
201967, Dante Cunningham, 1610612751, BKN, 57, 29, 28, 21.8, 0.6, 0.4, 3.0, 1.5, 0.691
1627863, Danuel House, 1610612756, PHX, 16, 4, 12, 12.1, 0.3, 0.1, 1.8, 0.4, 0.7
203967, Dario Saric, 1610612755, PHI, 57, 32, 25, 30.7, 0.7, 0.3, 4.9, 2.2, 0.585
203121, Darius Miller, 1610612740, NOP, 60, 34, 26, 23.3, 0.3, 0.2, 1.8, 1.3, 0.675
201589, Darrell Arthur, 1610612743, DEN, 14, 8, 6, 8.4, 0.5, 0.1, 0.9, 1.1, 0.652
201954, Darren Collison, 1610612754, IND, 52, 28, 24, 30.3, 1.4, 0.3, 2.1, 0.8, 0.727
1626199, Darrun Hilliard, 1610612759, SAS, 14, 8, 6, 6.8, 0.1, 0.0, 0.5, 0.6, 1.0
1628021, David Nwaba, 1610612741, CHI, 49, 19, 30, 22.4, 0.8, 0.5, 3.4, 1.3, 0.663
2561, David West, 1610612744, GSW, 57, 44, 13, 13.6, 0.6, 1.1, 2.5, 1.5, 0.581
202722, Davis Bertans, 1610612759, SAS, 57, 32, 25, 15.1, 0.3, 0.4, 1.9, 1.2, 0.558
1628432, Davon Reed, 1610612756, PHX, 7, 0, 7, 8.0, 0.3, 0.1, 0.9, 0.4, 0.6
1628368, De'Aaron Fox, 1610612758, SAC, 53, 16, 37, 27.4, 1.0, 0.2, 2.2, 1.2, 0.636
201599, DeAndre Jordan, 1610612746, LAC, 54, 29, 25, 31.9, 0.6, 1.0, 10.7, 2.6, 0.66
202732, DeAndre Liggins, 1610612740, NOP, 42, 24, 18, 13.8, 0.9, 0.3, 1.2, 0.6, 0.568
1627761, DeAndre' Bembry, 1610612737, ATL, 20, 5, 15, 18.1, 0.7, 0.5, 2.4, 1.2, 0.75
201942, DeMar DeRozan, 1610612761, TOR, 59, 42, 17, 34.0, 1.2, 0.3, 3.2, 1.0, 0.67
202326, DeMarcus Cousins, 1610612740, NOP, 48, 27, 21, 36.2, 1.6, 1.6, 10.7, 4.0, 0.601
201960, DeMarre Carroll, 1610612751, BKN, 55, 19, 36, 29.9, 0.8, 0.4, 4.9, 2.0, 0.582
1627749, Dejounte Murray, 1610612759, SAS, 60, 36, 24, 19.7, 0.9, 0.4, 3.9, 1.3, 0.613
1626153, Delon Wright, 1610612761, TOR, 47, 33, 14, 21.3, 1.1, 0.5, 2.3, 1.2, 0.679
1627743, Demetrius Jackson, 1610612755, PHI, 12, 9, 3, 5.2, 0.3, 0.1, 0.6, 0.2, 0.5
203471, Dennis Schroder, 1610612737, ATL, 56, 18, 38, 31.0, 1.1, 0.1, 2.4, 1.7, 0.805
1628372, Dennis Smith Jr., 1610612742, DAL, 53, 18, 35, 29.2, 1.0, 0.2, 3.2, 1.9, 0.707
1627756, Denzel Valentine, 1610612741, CHI, 61, 20, 41, 27.7, 0.7, 0.1, 4.7, 1.7, 0.745
202324, Derrick Favors, 1610612762, UTA, 58, 30, 28, 28.2, 0.8, 0.9, 4.8, 2.5, 0.552
1627884, Derrick Jones Jr., 1610612748, MIA, 16, 6, 10, 14.2, 0.3, 0.8, 0.9, 0.8, 0.619
201565, Derrick Rose, 1610612739, CLE, 16, 9, 7, 19.2, 0.2, 0.3, 1.2, 1.1, 0.692
1628476, Derrick Walton Jr., 1610612748, MIA, 14, 6, 8, 9.8, 0.4, 0.2, 0.8, 0.8, 0.846
1628401, Derrick White, 1610612759, SAS, 16, 7, 9, 7.5, 0.3, 0.1, 1.1, 0.9, 0.636
1626164, Devin Booker, 1610612756, PHX, 47, 15, 32, 34.4, 0.9, 0.3, 4.1, 1.7, 0.726
2734, Devin Harris, 1610612743, DEN, 49, 19, 30, 18.2, 0.7, 0.2, 1.7, 0.8, 0.725
203473, Dewayne Dedmon, 1610612737, ATL, 41, 12, 29, 23.3, 0.5, 0.7, 5.6, 1.8, 0.581
1627738, Deyonta Davis, 1610612763, MEM, 42, 12, 30, 13.2, 0.2, 0.7, 2.5, 1.7, 0.619
1628415, Dillon Brooks, 1610612763, MEM, 59, 18, 41, 28.2, 0.8, 0.2, 2.6, 1.8, 0.773
203079, Dion Waiters, 1610612748, MIA, 29, 15, 14, 30.8, 0.8, 0.3, 2.3, 2.0, 0.728
1717, Dirk Nowitzki, 1610612742, DAL, 60, 19, 41, 25.1, 0.6, 0.6, 5.4, 2.6, 0.661
1627734, Domantas Sabonis, 1610612754, IND, 58, 34, 24, 25.2, 0.5, 0.5, 5.7, 3.0, 0.608
1628378, Donovan Mitchell, 1610612762, UTA, 58, 29, 29, 32.4, 1.5, 0.4, 2.9, 1.3, 0.634
1627827, Dorian Finney-Smith, 1610612742, DAL, 8, 2, 6, 11.7, 0.0, 0.1, 0.6, 0.3, 0.667
203926, Doug McDermott, 1610612742, DAL, 60, 24, 36, 21.2, 0.2, 0.2, 1.8, 1.0, 0.663
1627733, Dragan Bender, 1610612756, PHX, 62, 18, 44, 23.4, 0.3, 0.6, 3.4, 2.2, 0.596
203110, Draymond Green, 1610612744, GSW, 53, 39, 14, 32.8, 1.2, 1.5, 6.5, 2.6, 0.576
1628407, Dwayne Bacon, 1610612766, CHA, 39, 19, 20, 12.2, 0.2, 0.1, 2.3, 0.7, 0.636
202779, Dwight Buycks, 1610612765, DET, 19, 6, 13, 14.3, 0.5, 0.1, 1.2, 0.6, 0.611
2730, Dwight Howard, 1610612766, CHA, 61, 28, 33, 30.7, 0.6, 1.7, 9.2, 2.5, 0.612
203939, Dwight Powell, 1610612742, DAL, 60, 19, 41, 20.2, 0.8, 0.4, 3.7, 1.2, 0.619
2548, Dwyane Wade, 1610612748, MIA, 52, 29, 23, 23.2, 0.9, 0.7, 3.1, 1.2, 0.6
202734, E'Twaun Moore, 1610612740, NOP, 60, 34, 26, 31.7, 1.0, 0.1, 2.1, 1.9, 0.768
202334, Ed Davis, 1610612757, POR, 61, 35, 26, 18.8, 0.5, 0.7, 4.9, 1.9, 0.557
202327, Ekpe Udoh, 1610612762, UTA, 50, 25, 25, 14.7, 0.8, 1.2, 1.4, 1.8, 0.595
203901, Elfrid Payton, 1610612756, PHX, 50, 12, 38, 29.2, 1.4, 0.3, 3.2, 1.7, 0.683
2731, Emeka Okafor, 1610612740, NOP, 7, 5, 2, 16.5, 0.1, 1.9, 3.6, 2.0, 0.538
1626144, Emmanuel Mudiay, 1610612752, NYK, 48, 25, 23, 18.7, 0.6, 0.1, 2.0, 0.9, 0.683
202683, Enes Kanter, 1610612752, NYK, 57, 23, 34, 25.9, 0.5, 0.5, 7.1, 3.0, 0.627
202339, Eric Bledsoe, 1610612749, MIL, 51, 29, 22, 31.0, 2.0, 0.6, 3.0, 1.5, 0.63
201569, Eric Gordon, 1610612745, HOU, 51, 39, 12, 31.9, 0.6, 0.4, 1.9, 0.9, 0.758
203961, Eric Moreland, 1610612765, DET, 48, 22, 26, 10.9, 0.3, 0.6, 2.5, 1.3, 0.554
1628571, Erik McCree, 1610612762, UTA, 2, 2, 0, 1.4, 0.0, 0.0, 0.0, 0.0, 0.0
101141, Ersan Ilyasova, 1610612737, ATL, 46, 16, 30, 25.6, 1.0, 0.4, 3.8, 2.0, 0.616
203095, Evan Fournier, 1610612753, ORL, 52, 18, 34, 32.5, 0.9, 0.3, 2.8, 2.0, 0.732
202323, Evan Turner, 1610612757, POR, 58, 34, 24, 25.7, 0.6, 0.3, 3.0, 0.9, 0.545
1626163, Frank Kaminsky, 1610612766, CHA, 58, 27, 31, 23.2, 0.5, 0.3, 3.1, 1.6, 0.638
1628412, Frank Mason, 1610612758, SAC, 33, 9, 24, 18.2, 0.5, 0.2, 1.6, 0.6, 0.704
1628373, Frank Ntilikina, 1610612752, NYK, 58, 22, 36, 20.6, 0.9, 0.2, 1.7, 1.2, 0.648
1627832, Fred VanVleet, 1610612761, TOR, 56, 40, 16, 18.9, 0.9, 0.2, 2.2, 0.8, 0.667
1627788, Furkan Korkmaz, 1610612755, PHI, 6, 3, 3, 5.3, 0.2, 0.0, 0.7, 0.2, 1.0
202066, Garrett Temple, 1610612758, SAC, 55, 18, 37, 25.0, 0.9, 0.4, 2.1, 1.1, 0.682
203914, Gary Harris, 1610612743, DEN, 56, 30, 26, 34.8, 1.9, 0.3, 2.1, 1.1, 0.797
1627780, Gary Payton II, 1610612747, LAL, 16, 7, 9, 9.0, 0.2, 0.2, 0.9, 0.8, 0.619
201588, George Hill, 1610612739, CLE, 49, 17, 32, 26.8, 0.9, 0.3, 2.1, 1.5, 0.72
1627777, Georges Niang, 1610612762, UTA, 2, 2, 0, 1.0, 0.5, 0.0, 0.0, 0.0, 0.0
1627834, Georgios Papagiannis, 1610612758, SAC, 16, 3, 13, 7.4, 0.1, 0.4, 1.5, 1.8, 0.829
101123, Gerald Green, 1610612745, HOU, 23, 18, 5, 23.1, 0.6, 0.4, 2.3, 1.5, 0.686
1628492, Gian Clavell, 1610612742, DAL, 7, 0, 7, 9.1, 0.3, 0.0, 0.9, 0.4, 0.5
203507, Giannis Antetokounmpo, 1610612749, MIL, 54, 31, 23, 37.1, 1.5, 1.4, 8.1, 2.6, 0.576
203922, Glenn Robinson III, 1610612754, IND, 2, 1, 1, 19.8, 0.5, 0.0, 0.5, 1.5, 0.5
201609, Goran Dragic, 1610612748, MIA, 55, 28, 27, 31.9, 0.8, 0.2, 3.3, 1.5, 0.659
202330, Gordon Hayward, 1610612738, BOS, 1, 0, 1, 5.3, 0.0, 0.0, 1.0, 0.0, 0.0
203476, Gorgui Dieng, 1610612750, MIN, 60, 35, 25, 17.6, 0.7, 0.5, 3.3, 2.1, 0.686
202328, Greg Monroe, 1610612738, BOS, 30, 9, 21, 20.3, 0.7, 0.3, 4.6, 2.8, 0.654
1627824, Guerschon Yabusele, 1610612738, BOS, 21, 16, 5, 5.2, 0.0, 0.0, 0.9, 0.5, 0.846
203084, Harrison Barnes, 1610612742, DAL, 59, 19, 40, 34.3, 0.7, 0.2, 5.4, 1.7, 0.682
202355, Hassan Whiteside, 1610612748, MIA, 42, 23, 19, 26.1, 0.8, 1.7, 8.7, 3.0, 0.574
1627740, Henry Ellenson, 1610612765, DET, 24, 12, 12, 6.6, 0.1, 0.0, 1.6, 0.5, 0.857
203546, Ian Clark, 1610612740, NOP, 54, 31, 23, 17.8, 0.4, 0.1, 1.5, 0.7, 0.661
101133, Ian Mahinmi, 1610612764, WAS, 59, 35, 24, 14.9, 0.5, 0.6, 2.2, 1.6, 0.591
1628387, Ike Anigbogu, 1610612754, IND, 10, 5, 5, 2.8, 0.1, 0.3, 0.4, 0.9, 0.692
202697, Iman Shumpert, 1610612758, SAC, 14, 9, 5, 19.7, 0.6, 0.3, 2.4, 1.4, 0.76
203477, Isaiah Canaan, 1610612756, PHX, 20, 9, 11, 21.1, 0.8, 0.1, 2.0, 0.9, 0.818
1628439, Isaiah Hicks, 1610612752, NYK, 3, 0, 3, 12.2, 0.3, 0.0, 1.0, 0.7, 0.5
1627819, Isaiah Taylor, 1610612737, ATL, 46, 12, 34, 14.7, 0.5, 0.2, 1.0, 0.3, 0.682
202738, Isaiah Thomas, 1610612747, LAL, 20, 10, 10, 25.8, 0.6, 0.1, 1.6, 1.3, 0.765
1627785, Isaiah Whitehead, 1610612751, BKN, 15, 2, 13, 10.9, 0.5, 0.1, 1.2, 0.3, 0.417
202397, Ish Smith, 1610612765, DET, 60, 28, 32, 24.7, 0.8, 0.2, 2.4, 1.2, 0.702
1628397, Ivan Rabb, 1610612763, MEM, 19, 5, 14, 11.4, 0.2, 0.2, 2.1, 1.1, 0.667
1627826, Ivica Zubac, 1610612747, LAL, 20, 10, 10, 6.0, 0.0, 0.1, 0.8, 0.7, 0.7
200826, J.J. Barea, 1610612742, DAL, 56, 19, 37, 23.5, 0.5, 0.1, 2.8, 0.8, 0.843
200755, JJ Redick, 1610612755, PHI, 47, 26, 21, 31.6, 0.6, 0.1, 2.4, 1.0, 0.817
2747, JR Smith, 1610612739, CLE, 59, 35, 24, 29.3, 0.9, 0.2, 2.6, 1.3, 0.679
203960, JaKarr Sampson, 1610612758, SAC, 13, 3, 10, 14.3, 0.3, 0.7, 2.7, 0.8, 0.385
203210, JaMychal Green, 1610612763, MEM, 39, 8, 31, 26.8, 0.6, 0.3, 5.1, 1.2, 0.625
201580, JaVale McGee, 1610612744, GSW, 45, 34, 11, 8.4, 0.3, 0.8, 1.4, 1.2, 0.563
1628444, Jabari Bird, 1610612738, BOS, 4, 3, 1, 5.6, 0.3, 0.0, 0.5, 0.0, 0.0
203953, Jabari Parker, 1610612749, MIL, 8, 5, 3, 20.1, 0.6, 0.4, 3.0, 1.6, 0.591
204022, Jack Cooley, 1610612758, SAC, 1, 0, 1, 1.6, 0.0, 0.0, 1.0, 0.0, 0.0
1626643, Jacob Pullen, 1610612755, PHI, 3, 2, 1, 2.0, 0.0, 0.0, 0.0, 0.3, 1.0
1628451, Jacob Wiley, 1610612751, BKN, 4, 1, 3, 8.1, 0.3, 0.0, 2.3, 0.3, 0.25
203109, Jae Crowder, 1610612762, UTA, 59, 35, 24, 25.7, 0.8, 0.2, 2.6, 1.7, 0.696
1626143, Jahlil Okafor, 1610612751, BKN, 24, 6, 18, 13.0, 0.1, 0.6, 2.3, 1.3, 0.536
1627774, Jake Layman, 1610612757, POR, 27, 15, 12, 5.4, 0.2, 0.1, 0.4, 0.3, 0.7
1627751, Jakob Poeltl, 1610612761, TOR, 59, 42, 17, 18.2, 0.4, 1.3, 2.6, 2.6, 0.532
1627883, Jalen Jones, 1610612742, DAL, 9, 2, 7, 5.8, 0.1, 0.0, 1.4, 0.2, 0.4
2037, Jamal Crawford, 1610612750, MIN, 61, 35, 26, 19.2, 0.5, 0.1, 1.0, 0.6, 0.878
1627750, Jamal Murray, 1610612743, DEN, 59, 32, 27, 30.5, 0.8, 0.3, 2.5, 1.8, 0.761
2749, Jameer Nelson, 1610612765, DET, 48, 24, 24, 20.2, 0.5, 0.1, 1.9, 0.7, 0.7
1628503, Jamel Artis, 1610612753, ORL, 5, 0, 5, 11.1, 0.0, 0.0, 1.2, 0.6, 0.6
203516, James Ennis III, 1610612765, DET, 51, 15, 36, 22.9, 0.7, 0.3, 2.3, 1.2, 0.735
201935, James Harden, 1610612745, HOU, 53, 43, 10, 35.8, 1.8, 0.7, 4.7, 1.9, 0.669
201949, James Johnson, 1610612748, MIA, 52, 25, 27, 26.4, 0.9, 0.6, 3.9, 1.5, 0.645
203949, James Michael McAdoo, 1610612755, PHI, 3, 1, 2, 6.0, 0.0, 0.3, 0.7, 0.7, 0.5
1627821, James Webb III, 1610612751, BKN, 9, 1, 8, 12.0, 0.1, 0.0, 1.7, 1.1, 0.714
203923, James Young, 1610612755, PHI, 5, 3, 2, 10.4, 0.0, 0.0, 0.4, 0.4, 0.5
203966, Jamil Wilson, 1610612746, LAC, 15, 6, 9, 18.3, 0.3, 0.5, 1.9, 1.3, 0.69
201162, Jared Dudley, 1610612756, PHX, 34, 5, 29, 13.6, 0.5, 0.1, 1.4, 1.2, 0.889
204067, Jarell Eddie, 1610612738, BOS, 2, 1, 1, 2.8, 0.5, 0.0, 0.5, 0.0, 0.0
1626185, Jarell Martin, 1610612763, MEM, 56, 18, 38, 20.6, 0.6, 0.7, 2.6, 1.5, 0.558
1628386, Jarrett Allen, 1610612751, BKN, 51, 16, 35, 18.6, 0.5, 0.8, 3.2, 2.3, 0.552
101127, Jarrett Jack, 1610612752, NYK, 56, 22, 34, 25.7, 0.6, 0.1, 2.7, 1.1, 0.75
201160, Jason Smith, 1610612764, WAS, 23, 11, 12, 9.4, 0.1, 0.4, 1.0, 0.7, 0.586
1891, Jason Terry, 1610612749, MIL, 28, 16, 12, 12.2, 0.5, 0.2, 0.9, 0.5, 0.813
1628393, Jawun Evans, 1610612746, LAC, 38, 19, 19, 18.4, 0.9, 0.2, 1.8, 0.8, 0.732
1627759, Jaylen Brown, 1610612738, BOS, 54, 36, 18, 31.2, 0.9, 0.4, 4.3, 1.2, 0.65
1628369, Jayson Tatum, 1610612738, BOS, 59, 40, 19, 30.9, 0.9, 0.8, 4.4, 1.5, 0.615
201145, Jeff Green, 1610612739, CLE, 59, 35, 24, 22.1, 0.5, 0.3, 2.5, 1.5, 0.659
201952, Jeff Teague, 1610612750, MIN, 52, 31, 21, 33.1, 1.5, 0.3, 2.6, 1.6, 0.717
203481, Jeff Withey, 1610612742, DAL, 10, 2, 8, 3.9, 0.0, 0.3, 0.9, 0.4, 0.444
203924, Jerami Grant, 1610612760, OKC, 60, 35, 25, 20.7, 0.4, 0.9, 2.9, 1.5, 0.555
203087, Jeremy Lamb, 1610612766, CHA, 60, 28, 32, 24.8, 0.8, 0.4, 3.6, 1.4, 0.802
202391, Jeremy Lin, 1610612751, BKN, 1, 0, 1, 25.2, 0.0, 0.0, 0.0, 3.0, 1.0
1626170, Jerian Grant, 1610612741, CHI, 58, 20, 38, 23.3, 0.8, 0.1, 2.1, 1.2, 0.686
201573, Jerryd Bayless, 1610612755, PHI, 38, 21, 17, 23.9, 0.6, 0.2, 1.7, 0.8, 0.617
202710, Jimmy Butler, 1610612750, MIN, 55, 33, 22, 37.0, 1.9, 0.4, 4.1, 2.0, 0.671
201149, Joakim Noah, 1610612752, NYK, 7, 1, 6, 5.7, 0.3, 0.3, 1.1, 0.4, 0.6
201975, Jodie Meeks, 1610612764, WAS, 58, 35, 23, 14.7, 0.4, 0.1, 1.3, 0.7, 0.741
203925, Joe Harris, 1610612751, BKN, 59, 19, 40, 25.2, 0.5, 0.2, 2.7, 1.3, 0.661
204060, Joe Ingles, 1610612762, UTA, 61, 31, 30, 30.9, 1.0, 0.2, 3.8, 1.1, 0.714
2207, Joe Johnson, 1610612745, HOU, 36, 20, 16, 22.6, 0.4, 0.2, 3.0, 1.3, 0.676
1626202, Joe Young, 1610612754, IND, 43, 23, 20, 10.6, 0.2, 0.0, 1.0, 0.5, 0.88
1627762, Joel Bolomboy, 1610612749, MIL, 6, 3, 3, 6.3, 0.3, 0.0, 0.7, 0.2, 1.0
203954, Joel Embiid, 1610612755, PHI, 47, 29, 18, 31.4, 0.7, 1.8, 8.9, 2.9, 0.537
203530, Joffrey Lauvergne, 1610612759, SAS, 40, 22, 18, 10.3, 0.2, 0.1, 2.1, 1.2, 0.721
1628381, John Collins, 1610612737, ATL, 54, 16, 38, 22.5, 0.6, 1.2, 4.4, 2.4, 0.565
203089, John Henson, 1610612749, MIL, 54, 29, 25, 25.7, 0.5, 1.4, 4.9, 3.1, 0.585
204066, John Holland, 1610612739, CLE, 9, 8, 1, 4.4, 0.4, 0.0, 0.3, 0.2, 0.5
202322, John Wall, 1610612764, WAS, 37, 21, 16, 34.3, 1.3, 1.1, 3.0, 2.1, 0.633
1628405, Johnathan Motley, 1610612742, DAL, 3, 0, 3, 2.7, 0.0, 0.7, 1.7, 0.0, 0.0
203948, Johnny O'Bryant III, 1610612766, CHA, 36, 15, 21, 10.5, 0.2, 0.2, 1.8, 1.3, 0.75
202720, Jon Leuer, 1610612765, DET, 8, 5, 3, 17.1, 0.1, 0.4, 3.1, 2.1, 0.63
201973, Jonas Jerebko, 1610612762, UTA, 53, 28, 25, 16.1, 0.4, 0.2, 2.6, 0.9, 0.613
202685, Jonas Valanciunas, 1610612761, TOR, 55, 40, 15, 22.1, 0.4, 0.8, 6.1, 2.9, 0.573
1628371, Jonathan Isaac, 1610612753, ORL, 15, 8, 7, 19.0, 0.7, 1.0, 2.9, 2.0, 0.625
203613, Jonathon Simmons, 1610612753, ORL, 59, 18, 41, 29.1, 0.8, 0.3, 2.6, 1.7, 0.644
1628395, Jordan Bell, 1610612744, GSW, 39, 33, 6, 14.4, 0.7, 1.1, 2.6, 1.7, 0.489
203903, Jordan Clarkson, 1610612739, CLE, 59, 26, 33, 23.4, 0.7, 0.1, 2.2, 1.3, 0.731
202348, Jordan Crawford, 1610612740, NOP, 2, 0, 2, 18.7, 0.0, 0.5, 0.5, 3.0, 1.0
1626175, Jordan Mickey, 1610612748, MIA, 18, 11, 7, 13.3, 0.2, 0.4, 3.2, 1.7, 0.6
101181, Jose Calderon, 1610612739, CLE, 41, 21, 20, 15.0, 0.5, 0.0, 1.2, 0.8, 0.673
1627982, Josh Gray, 1610612756, PHX, 5, 0, 5, 17.3, 1.6, 0.4, 1.6, 1.0, 0.833
1628404, Josh Hart, 1610612747, LAL, 54, 25, 29, 21.3, 0.7, 0.2, 3.1, 1.6, 0.677
203962, Josh Huestis, 1610612760, OKC, 55, 34, 21, 14.8, 0.3, 0.7, 1.8, 1.1, 0.58
1628367, Josh Jackson, 1610612756, PHX, 60, 17, 43, 23.5, 0.8, 0.4, 3.0, 1.4, 0.651
203705, Josh Magette, 1610612737, ATL, 10, 2, 8, 7.4, 0.3, 0.0, 0.6, 0.2, 0.667
201177, Josh McRoberts, 1610612742, DAL, 2, 2, 0, 2.9, 0.0, 0.0, 0.0, 0.0, 0.0
1626196, Josh Richardson, 1610612748, MIA, 60, 31, 29, 34.1, 1.5, 0.9, 2.6, 1.5, 0.588
2746, Josh Smith, 1610612740, NOP, 3, 2, 1, 3.9, 0.0, 0.0, 0.3, 0.0, 0.0
201950, Jrue Holiday, 1610612740, NOP, 60, 34, 26, 36.8, 1.5, 0.7, 3.8, 2.1, 0.729
1627823, Juancho Hernangomez, 1610612743, DEN, 20, 11, 9, 11.6, 0.3, 0.2, 1.7, 0.8, 0.615
203944, Julius Randle, 1610612747, LAL, 59, 26, 33, 24.8, 0.5, 0.6, 5.4, 2.5, 0.602
202933, Julyan Stone, 1610612766, CHA, 11, 6, 5, 3.9, 0.2, 0.1, 1.0, 0.1, 0.5
1626147, Justin Anderson, 1610612755, PHI, 25, 15, 10, 14.5, 0.4, 0.2, 1.7, 0.7, 0.63
203200, Justin Holiday, 1610612741, CHI, 57, 20, 37, 34.1, 1.1, 0.5, 4.0, 1.6, 0.645
1628382, Justin Jackson, 1610612758, SAC, 47, 12, 35, 19.9, 0.5, 0.2, 2.0, 0.7, 0.614
1626159, Justise Winslow, 1610612748, MIA, 46, 20, 26, 23.1, 0.7, 0.4, 4.3, 1.7, 0.653
203994, Jusuf Nurkic, 1610612757, POR, 58, 34, 24, 26.5, 0.8, 1.3, 6.2, 3.2, 0.555
1628443, Kadeem Allen, 1610612738, BOS, 7, 4, 3, 3.9, 0.1, 0.0, 0.3, 0.0, 0.0
1626157, Karl-Anthony Towns, 1610612750, MIN, 63, 37, 26, 35.2, 0.8, 1.5, 9.2, 3.9, 0.653
202695, Kawhi Leonard, 1610612759, SAS, 9, 5, 4, 23.3, 2.0, 1.0, 4.0, 1.3, 0.5
1627770, Kay Felder, 1610612765, DET, 15, 5, 10, 9.1, 0.2, 0.1, 0.9, 0.3, 0.714
203482, Kelly Olynyk, 1610612748, MIA, 54, 29, 25, 23.3, 0.7, 0.4, 4.4, 2.4, 0.658
1626162, Kelly Oubre Jr., 1610612764, WAS, 61, 36, 25, 27.7, 0.9, 0.4, 3.9, 1.6, 0.741
202689, Kemba Walker, 1610612766, CHA, 59, 28, 31, 34.9, 1.2, 0.3, 2.9, 1.3, 0.714
202702, Kenneth Faried, 1610612743, DEN, 32, 16, 16, 14.4, 0.4, 0.4, 2.7, 1.6, 0.685
203145, Kent Bazemore, 1610612737, ATL, 59, 18, 41, 27.8, 1.5, 0.7, 3.6, 1.3, 0.647
203484, Kentavious Caldwell-Pope, 1610612747, LAL, 51, 22, 29, 32.6, 1.6, 0.2, 4.2, 1.5, 0.738
201142, Kevin Durant, 1610612744, GSW, 53, 40, 13, 34.4, 0.8, 1.9, 6.3, 2.3, 0.579
201567, Kevin Love, 1610612739, CLE, 48, 28, 20, 28.0, 0.7, 0.4, 7.4, 3.3, 0.669
1626172, Kevon Looney, 1610612744, GSW, 48, 37, 11, 10.9, 0.3, 0.6, 1.6, 1.0, 0.563
203920, Khem Birch, 1610612753, ORL, 23, 8, 15, 11.8, 0.4, 0.4, 2.1, 1.5, 0.7
203114, Khris Middleton, 1610612749, MIL, 58, 33, 25, 36.7, 1.3, 0.2, 4.8, 1.9, 0.69
202691, Klay Thompson, 1610612744, GSW, 60, 47, 13, 34.1, 0.7, 0.6, 3.5, 1.8, 0.656
1628424, Kobi Simmons, 1610612763, MEM, 13, 3, 10, 15.3, 0.6, 0.2, 1.2, 0.3, 1.0
201585, Kosta Koufos, 1610612758, SAC, 56, 16, 40, 18.8, 0.7, 0.4, 4.2, 1.8, 0.628
1627739, Kris Dunn, 1610612741, CHI, 45, 15, 30, 29.4, 2.0, 0.6, 4.0, 1.9, 0.735
204001, Kristaps Porzingis, 1610612752, NYK, 48, 22, 26, 32.4, 0.8, 2.4, 5.3, 2.5, 0.492
203937, Kyle Anderson, 1610612759, SAS, 53, 30, 23, 27.5, 1.4, 0.8, 4.6, 1.7, 0.689
1627858, Kyle Collinsworth, 1610612742, DAL, 17, 4, 13, 11.9, 0.5, 0.1, 1.8, 0.4, 0.7
2594, Kyle Korver, 1610612739, CLE, 60, 36, 24, 21.3, 0.4, 0.3, 1.9, 1.4, 0.748
1628398, Kyle Kuzma, 1610612747, LAL, 58, 26, 32, 29.5, 0.6, 0.4, 4.7, 2.1, 0.652
200768, Kyle Lowry, 1610612761, TOR, 56, 41, 15, 32.1, 1.2, 0.1, 4.8, 1.4, 0.6
203124, Kyle O'Quinn, 1610612752, NYK, 59, 23, 36, 16.8, 0.4, 1.1, 4.1, 1.8, 0.567
202713, Kyle Singler, 1610612760, OKC, 11, 5, 6, 3.3, 0.1, 0.0, 0.5, 0.2, 1.0
202681, Kyrie Irving, 1610612738, BOS, 53, 36, 17, 32.6, 1.1, 0.3, 3.2, 1.7, 0.748
200746, LaMarcus Aldridge, 1610612759, SAS, 56, 34, 22, 34.0, 0.5, 1.2, 5.0, 2.1, 0.537
202362, Lance Stephenson, 1610612754, IND, 60, 34, 26, 23.3, 0.6, 0.2, 4.7, 0.8, 0.716
202498, Lance Thomas, 1610612752, NYK, 58, 21, 37, 18.1, 0.3, 0.2, 1.8, 0.7, 0.652
204038, Langston Galloway, 1610612765, DET, 48, 24, 24, 14.7, 0.5, 0.1, 1.3, 0.7, 0.681
203580, Larry Drew II, 1610612755, PHI, 3, 2, 1, 4.9, 0.0, 0.0, 0.0, 0.3, 1.0
1626204, Larry Nance Jr., 1610612739, CLE, 48, 21, 27, 21.9, 1.4, 0.6, 4.1, 2.4, 0.674
1628374, Lauri Markkanen, 1610612741, CHI, 55, 17, 38, 30.4, 0.5, 0.6, 6.5, 2.5, 0.675
2544, LeBron James, 1610612739, CLE, 60, 36, 24, 37.1, 1.5, 1.0, 7.2, 2.0, 0.559
1628506, London Perrantes, 1610612739, CLE, 2, 2, 0, 1.9, 0.0, 0.0, 0.0, 0.0, 0.0
1628366, Lonzo Ball, 1610612747, LAL, 38, 17, 21, 33.3, 1.5, 0.8, 5.8, 1.8, 0.578
203485, Lorenzo Brown, 1610612761, TOR, 12, 7, 5, 7.9, 0.3, 0.0, 0.8, 0.2, 0.667
101150, Lou Williams, 1610612746, LAC, 58, 32, 26, 32.5, 1.1, 0.2, 2.1, 1.2, 0.735
201601, Luc Mbah a Moute, 1610612745, HOU, 43, 37, 6, 27.0, 1.1, 0.4, 2.8, 1.9, 0.692
203512, Lucas Nogueira, 1610612761, TOR, 35, 24, 11, 9.1, 0.5, 0.9, 1.5, 1.4, 0.533
1626242, Luis Montero, 1610612765, DET, 2, 1, 1, 4.0, 0.0, 0.0, 1.0, 0.0, 0.0
202337, Luke Babbitt, 1610612748, MIA, 39, 9, 30, 14.6, 0.2, 0.1, 2.0, 1.4, 0.675
1628379, Luke Kennard, 1610612765, DET, 53, 23, 30, 18.3, 0.6, 0.2, 1.8, 0.8, 0.738
1628436, Luke Kornet, 1610612752, NYK, 4, 1, 3, 11.9, 0.5, 1.0, 2.5, 1.5, 0.75
2736, Luol Deng, 1610612747, LAL, 1, 0, 1, 13.1, 1.0, 0.0, 0.0, 2.0, 0.4
1627781, Malachi Richardson, 1610612761, TOR, 26, 8, 18, 12.4, 0.4, 0.0, 1.1, 0.5, 0.923
1627763, Malcolm Brogdon, 1610612749, MIL, 45, 24, 21, 30.4, 0.9, 0.3, 2.7, 1.8, 0.686
1627098, Malcolm Delaney, 1610612737, ATL, 50, 14, 36, 19.0, 0.6, 0.1, 1.7, 0.6, 0.811
1626259, Malcolm Miller, 1610612761, TOR, 4, 4, 0, 5.6, 0.0, 0.0, 1.0, 0.3, 0.5
1627736, Malik Beasley, 1610612743, DEN, 51, 27, 24, 10.2, 0.3, 0.1, 1.0, 0.4, 0.543
1628370, Malik Monk, 1610612766, CHA, 44, 18, 26, 11.3, 0.2, 0.1, 0.7, 0.6, 0.758
1628493, Mangok Mathiang, 1610612766, CHA, 3, 2, 1, 3.5, 0.0, 0.0, 1.7, 0.7, 1.0
1938, Manu Ginobili, 1610612759, SAS, 46, 28, 18, 20.5, 0.6, 0.3, 1.8, 0.6, 0.609
201188, Marc Gasol, 1610612763, MEM, 57, 17, 40, 33.9, 0.7, 1.5, 7.2, 3.5, 0.584
101162, Marcin Gortat, 1610612764, WAS, 61, 36, 25, 26.2, 0.6, 0.7, 5.7, 3.4, 0.619
201158, Marco Belinelli, 1610612755, PHI, 56, 19, 37, 23.5, 0.9, 0.1, 1.6, 0.8, 0.87
1627875, Marcus Georges-Hunt, 1610612750, MIN, 36, 23, 13, 5.5, 0.1, 0.0, 0.2, 0.3, 0.625
202694, Marcus Morris, 1610612738, BOS, 36, 23, 13, 25.2, 0.5, 0.3, 4.6, 1.8, 0.7
1627779, Marcus Paige, 1610612766, CHA, 1, 1, 0, 2.9, 0.0, 0.0, 2.0, 0.0, 0.0
203935, Marcus Smart, 1610612738, BOS, 46, 32, 14, 30.3, 1.3, 0.5, 2.8, 1.2, 0.687
201596, Mario Chalmers, 1610612763, MEM, 53, 17, 36, 22.3, 1.2, 0.2, 2.3, 1.2, 0.829
1626209, Mario Hezonja, 1610612753, ORL, 53, 14, 39, 19.8, 0.9, 0.3, 2.9, 1.5, 0.693
203900, Markel Brown, 1610612745, HOU, 4, 4, 0, 7.9, 0.0, 0.0, 1.0, 0.8, 0.75
1628365, Markelle Fultz, 1610612755, PHI, 4, 1, 3, 18.9, 0.5, 0.3, 1.5, 0.5, 0.4
202693, Markieff Morris, 1610612764, WAS, 52, 30, 22, 26.3, 0.8, 0.5, 4.6, 2.0, 0.646
1627737, Marquese Chriss, 1610612756, PHX, 54, 17, 37, 20.7, 0.7, 1.0, 4.2, 1.9, 0.593
201578, Marreese Speights, 1610612753, ORL, 47, 13, 34, 13.3, 0.1, 0.4, 2.2, 1.7, 0.639
1627850, Marshall Plumlee, 1610612749, MIL, 6, 4, 2, 7.4, 0.0, 0.2, 2.0, 0.8, 0.833
101107, Marvin Williams, 1610612766, CHA, 57, 25, 32, 26.0, 0.7, 0.4, 3.8, 1.9, 0.701
203486, Mason Plumlee, 1610612743, DEN, 53, 27, 26, 20.9, 0.8, 1.1, 4.0, 2.0, 0.565
1627856, Matt Costello, 1610612759, SAS, 3, 2, 1, 5.9, 0.0, 0.7, 2.0, 0.0, 0.0
1628475, Matt Williams Jr., 1610612748, MIA, 3, 1, 2, 3.8, 0.0, 0.0, 0.3, 0.0, 0.0
203521, Matthew Dellavedova, 1610612749, MIL, 36, 21, 15, 18.9, 0.4, 0.0, 1.3, 1.0, 0.714
203090, Maurice Harkless, 1610612757, POR, 50, 29, 21, 21.0, 0.8, 0.7, 2.0, 0.8, 0.575
1628467, Maxi Kleber, 1610612742, DAL, 54, 17, 37, 17.1, 0.4, 0.6, 2.0, 1.5, 0.654
203086, Meyers Leonard, 1610612757, POR, 23, 11, 12, 7.7, 0.2, 0.0, 1.7, 0.9, 0.625
201563, Michael Beasley, 1610612752, NYK, 54, 18, 36, 20.7, 0.5, 0.6, 4.1, 1.4, 0.569
203487, Michael Carter-Williams, 1610612766, CHA, 49, 23, 26, 16.0, 0.8, 0.4, 1.9, 0.8, 0.644
203077, Michael Kidd-Gilchrist, 1610612766, CHA, 54, 26, 28, 25.7, 0.7, 0.5, 3.1, 1.7, 0.621
201144, Mike Conley, 1610612763, MEM, 12, 7, 5, 31.1, 1.0, 0.3, 2.3, 1.2, 0.667
1628455, Mike James, 1610612740, NOP, 36, 11, 25, 19.1, 0.8, 0.2, 2.1, 0.8, 0.583
203488, Mike Muscala, 1610612737, ATL, 32, 8, 24, 17.1, 0.6, 0.5, 2.8, 1.8, 0.588
203118, Mike Scott, 1610612764, WAS, 56, 32, 24, 18.2, 0.3, 0.2, 2.6, 0.9, 0.693
203101, Miles Plumlee, 1610612737, ATL, 40, 13, 27, 16.7, 0.4, 0.6, 2.5, 1.8, 0.538
1628462, Milos Teodosic, 1610612746, LAC, 30, 21, 9, 24.8, 0.5, 0.1, 2.6, 1.6, 0.71
1628495, Milton Doyle, 1610612751, BKN, 6, 0, 6, 10.5, 0.3, 0.2, 1.2, 0.5, 0.429
1627851, Mindaugas Kuzminskas, 1610612752, NYK, 1, 0, 1, 1.9, 0.0, 0.0, 0.0, 0.0, 0.0
203141, Mirza Teletovic, 1610612749, MIL, 9, 4, 5, 15.8, 0.4, 0.1, 1.9, 0.8, 0.778
1628420, Monte Morris, 1610612743, DEN, 3, 2, 1, 8.4, 1.0, 0.0, 0.7, 0.0, 0.0
1626149, Montrezl Harrell, 1610612746, LAC, 53, 29, 24, 15.7, 0.4, 0.8, 2.6, 1.4, 0.569
1627988, Myke Henry, 1610612763, MEM, 10, 2, 8, 17.8, 1.0, 0.5, 1.3, 1.1, 0.647
1626167, Myles Turner, 1610612754, IND, 44, 25, 19, 28.3, 0.5, 2.1, 5.4, 4.0, 0.58
203489, Nate Wolters, 1610612762, UTA, 5, 3, 2, 3.8, 0.0, 0.0, 0.2, 0.0, 0.0
1628513, Naz Mitrou-Long, 1610612762, UTA, 1, 0, 1, 0.5, 0.0, 0.0, 0.0, 0.0, 0.0
202357, Nemanja Bjelica, 1610612750, MIN, 48, 28, 20, 16.6, 0.6, 0.1, 2.8, 1.7, 0.656
2403, Nene, 1610612745, HOU, 41, 33, 8, 15.0, 0.5, 0.2, 2.4, 1.4, 0.617
203457, Nerlens Noel, 1610612742, DAL, 18, 4, 14, 12.5, 0.6, 0.6, 2.6, 1.5, 0.643
2555, Nick Collison, 1610612760, OKC, 8, 4, 4, 5.2, 0.0, 0.0, 1.1, 0.5, 0.8
201156, Nick Young, 1610612744, GSW, 59, 45, 14, 14.4, 0.5, 0.1, 1.1, 0.9, 0.736
201587, Nicolas Batum, 1610612766, CHA, 47, 22, 25, 31.5, 1.1, 0.3, 3.6, 1.2, 0.64
1627852, Nicolas Brussino, 1610612737, ATL, 4, 0, 4, 2.5, 0.0, 0.0, 0.8, 0.0, 0.0
1628502, Nigel Hayes, 1610612747, LAL, 2, 1, 1, 5.4, 0.0, 0.0, 0.0, 0.0, 0.0
203917, Nik Stauskas, 1610612751, BKN, 33, 10, 23, 12.7, 0.2, 0.1, 1.4, 0.8, 0.694
203999, Nikola Jokic, 1610612743, DEN, 53, 29, 24, 31.4, 1.1, 0.7, 7.8, 4.5, 0.679
202703, Nikola Mirotic, 1610612740, NOP, 34, 20, 14, 27.1, 0.8, 0.8, 5.9, 2.4, 0.643
202696, Nikola Vucevic, 1610612753, ORL, 37, 11, 26, 29.9, 1.1, 1.2, 7.4, 3.9, 0.636
203943, Noah Vonleh, 1610612741, CHI, 38, 17, 21, 14.3, 0.2, 0.3, 4.1, 1.1, 0.661
1626181, Norman Powell, 1610612761, TOR, 50, 36, 14, 16.0, 0.6, 0.3, 1.6, 0.6, 0.738
1628384, OG Anunoby, 1610612761, TOR, 59, 42, 17, 20.6, 0.8, 0.2, 1.8, 1.0, 0.655
1627855, Okaro White, 1610612748, MIA, 6, 2, 4, 13.3, 0.2, 0.2, 1.3, 0.7, 0.571
201600, Omer Asik, 1610612741, CHI, 14, 7, 7, 8.6, 0.1, 0.1, 2.1, 1.4, 0.679
201956, Omri Casspi, 1610612744, GSW, 47, 37, 10, 14.5, 0.4, 0.4, 3.4, 1.0, 0.59
203490, Otto Porter Jr., 1610612764, WAS, 57, 35, 22, 31.9, 1.6, 0.5, 5.1, 1.9, 0.633
1628408, PJ Dozier, 1610612760, OKC, 2, 1, 1, 1.6, 0.0, 0.0, 0.5, 1.0, 0.667
200782, PJ Tucker, 1610612745, HOU, 60, 47, 13, 27.7, 1.0, 0.2, 4.5, 2.0, 0.701
1627783, Pascal Siakam, 1610612761, TOR, 58, 42, 16, 20.1, 0.8, 0.5, 3.4, 1.2, 0.571
1626192, Pat Connaughton, 1610612757, POR, 61, 35, 26, 18.9, 0.2, 0.2, 1.6, 0.7, 0.625
201976, Patrick Beverley, 1610612746, LAC, 11, 5, 6, 30.3, 1.6, 0.5, 2.6, 1.1, 0.6
1627775, Patrick McCaw, 1610612744, GSW, 51, 39, 12, 15.6, 0.7, 0.2, 1.1, 0.8, 0.727
202335, Patrick Patterson, 1610612760, OKC, 60, 35, 25, 15.2, 0.5, 0.2, 1.8, 1.2, 0.742
201988, Patty Mills, 1610612759, SAS, 61, 36, 25, 24.2, 0.7, 0.1, 1.6, 0.8, 0.727
2200, Pau Gasol, 1610612759, SAS, 58, 34, 24, 24.9, 0.3, 1.0, 6.8, 2.2, 0.489
202331, Paul George, 1610612760, OKC, 58, 34, 24, 36.4, 2.2, 0.5, 4.5, 2.3, 0.696
200794, Paul Millsap, 1610612743, DEN, 17, 9, 8, 29.3, 1.1, 1.3, 4.7, 2.5, 0.483
1627835, Paul Zipser, 1610612741, CHI, 49, 16, 33, 14.8, 0.4, 0.2, 2.1, 1.1, 0.663
203112, Quincy Acy, 1610612751, BKN, 53, 18, 35, 20.4, 0.5, 0.4, 3.5, 1.1, 0.556
202347, Quincy Pondexter, 1610612741, CHI, 23, 6, 17, 8.5, 0.3, 0.1, 0.8, 0.4, 0.75
1626188, Quinn Cook, 1610612744, GSW, 13, 11, 2, 9.4, 0.0, 0.0, 0.8, 0.4, 0.833
1626154, RJ Hunter, 1610612745, HOU, 2, 1, 1, 0.8, 0.0, 0.0, 0.5, 0.0, 0.0
200765, Rajon Rondo, 1610612740, NOP, 46, 27, 19, 25.1, 0.9, 0.2, 3.2, 1.2, 0.743
201196, Ramon Sessions, 1610612764, WAS, 13, 3, 10, 12.9, 0.5, 0.1, 1.3, 0.5, 0.857
1626173, Rashad Vaughn, 1610612753, ORL, 26, 12, 14, 7.2, 0.2, 0.1, 0.6, 0.2, 0.455
203526, Raul Neto, 1610612762, UTA, 33, 21, 12, 13.1, 0.3, 0.1, 1.1, 0.5, 0.621
101109, Raymond Felton, 1610612760, OKC, 60, 35, 25, 17.2, 0.6, 0.2, 1.7, 0.8, 0.714
203493, Reggie Bullock, 1610612765, DET, 45, 23, 22, 26.4, 0.8, 0.2, 1.9, 1.4, 0.719
203687, Reggie Hearn, 1610612765, DET, 1, 1, 0, 2.6, 0.0, 0.0, 0.0, 0.0, 0.0
202704, Reggie Jackson, 1610612765, DET, 33, 19, 14, 27.1, 0.6, 0.1, 2.2, 0.8, 0.641
2210, Richard Jefferson, 1610612743, DEN, 16, 7, 9, 8.6, 0.1, 0.1, 0.8, 0.1, 0.333
1626158, Richaun Holmes, 1610612755, PHI, 30, 13, 17, 15.4, 0.4, 0.6, 3.4, 1.4, 0.525
201937, Ricky Rubio, 1610612762, UTA, 57, 28, 29, 29.1, 1.5, 0.1, 3.7, 1.5, 0.761
203496, Robert Covington, 1610612755, PHI, 56, 31, 25, 32.2, 1.6, 0.7, 4.8, 2.2, 0.737
201577, Robin Lopez, 1610612741, CHI, 57, 20, 37, 27.7, 0.2, 0.8, 2.5, 2.7, 0.575
203918, Rodney Hood, 1610612739, CLE, 45, 20, 25, 27.5, 0.8, 0.2, 2.5, 1.3, 0.723
203585, Rodney McGruder, 1610612748, MIA, 1, 1, 0, 9.1, 0.0, 0.0, 0.0, 0.0, 0.0
1627758, Ron Baker, 1610612752, NYK, 28, 11, 17, 13.1, 0.9, 0.2, 0.9, 0.3, 0.5
1626178, Rondae Hollis-Jefferson, 1610612751, BKN, 46, 17, 29, 27.7, 0.9, 0.6, 5.0, 2.0, 0.616
1626220, Royce O'Neale, 1610612762, UTA, 48, 26, 22, 15.3, 0.5, 0.1, 2.8, 0.8, 0.691
200752, Rudy Gay, 1610612759, SAS, 36, 25, 11, 22.4, 0.8, 0.6, 3.8, 1.4, 0.568
203497, Rudy Gobert, 1610612762, UTA, 35, 20, 15, 31.3, 0.7, 2.3, 7.3, 3.5, 0.56
201566, Russell Westbrook, 1610612760, OKC, 58, 34, 24, 36.1, 2.0, 0.2, 7.9, 1.3, 0.617
201583, Ryan Anderson, 1610612745, HOU, 57, 44, 13, 27.5, 0.4, 0.3, 3.8, 1.9, 0.669
1627853, Ryan Arcidiacono, 1610612741, CHI, 13, 3, 10, 9.2, 0.4, 0.0, 0.5, 0.4, 0.833
1626257, Salah Mejri, 1610612742, DAL, 55, 18, 37, 12.0, 0.4, 1.1, 2.8, 1.3, 0.504
1626155, Sam Dekker, 1610612746, LAC, 54, 29, 25, 13.3, 0.4, 0.1, 1.9, 0.9, 0.667
203930, Sean Kilpatrick, 1610612749, MIL, 37, 18, 19, 9.7, 0.1, 0.1, 1.5, 0.4, 0.696
1628400, Semi Ojeleye, 1610612738, BOS, 51, 35, 16, 14.5, 0.3, 0.0, 1.6, 0.8, 0.667
201586, Serge Ibaka, 1610612761, TOR, 54, 37, 17, 27.8, 0.3, 1.4, 5.3, 2.5, 0.607
203498, Shabazz Muhammad, 1610612750, MIN, 32, 19, 13, 9.4, 0.2, 0.1, 0.9, 0.6, 0.857
203894, Shabazz Napier, 1610612757, POR, 54, 32, 22, 21.3, 1.3, 0.2, 1.9, 0.6, 0.654
203499, Shane Larkin, 1610612738, BOS, 36, 26, 10, 11.4, 0.4, 0.1, 1.0, 0.4, 0.684
1627885, Shaquille Harrison, 1610612756, PHX, 3, 0, 3, 8.1, 1.3, 0.7, 1.7, 0.3, 0.5
2733, Shaun Livingston, 1610612744, GSW, 53, 40, 13, 15.3, 0.5, 0.3, 1.3, 0.7, 0.625
202714, Shelvin Mack, 1610612753, ORL, 47, 14, 33, 18.2, 0.6, 0.1, 2.0, 1.1, 0.75
1628414, Sindarius Thornwell, 1610612746, LAC, 50, 26, 24, 12.8, 0.5, 0.3, 1.2, 0.6, 0.604
1627746, Skal Labissiere, 1610612758, SAC, 46, 13, 33, 18.8, 0.4, 0.7, 2.9, 2.1, 0.63
203915, Spencer Dinwiddie, 1610612751, BKN, 59, 19, 40, 29.2, 0.8, 0.3, 2.8, 0.9, 0.622
1626169, Stanley Johnson, 1610612765, DET, 49, 23, 26, 28.0, 1.2, 0.2, 3.2, 1.3, 0.703
201939, Stephen Curry, 1610612744, GSW, 46, 36, 10, 32.8, 1.6, 0.1, 4.5, 1.5, 0.788
1628425, Sterling Brown, 1610612749, MIL, 34, 18, 16, 15.0, 0.8, 0.3, 2.2, 1.3, 0.776
203500, Steven Adams, 1610612760, OKC, 56, 31, 25, 32.6, 1.3, 1.1, 3.9, 2.7, 0.6
204456, T.J. McConnell, 1610612755, PHI, 52, 30, 22, 24.5, 1.4, 0.2, 2.7, 0.7, 0.648
1628388, TJ Leaf, 1610612754, IND, 43, 25, 18, 9.3, 0.1, 0.1, 1.0, 0.9, 0.745
203933, TJ Warren, 1610612756, PHX, 59, 18, 41, 32.6, 1.0, 0.6, 3.3, 1.5, 0.695
201959, Taj Gibson, 1610612750, MIN, 63, 37, 26, 33.4, 0.8, 0.7, 4.8, 2.5, 0.648
204028, Tarik Black, 1610612745, HOU, 38, 29, 9, 10.4, 0.4, 0.6, 1.7, 1.3, 0.552
1627752, Taurean Prince, 1610612737, ATL, 60, 18, 42, 29.8, 1.0, 0.5, 4.0, 1.8, 0.667
1628390, Terrance Ferguson, 1610612760, OKC, 44, 27, 17, 12.4, 0.4, 0.2, 0.4, 0.7, 0.721
203082, Terrence Ross, 1610612753, ORL, 22, 9, 13, 26.2, 1.2, 0.4, 2.7, 1.6, 0.655
1626179, Terry Rozier, 1610612738, BOS, 59, 40, 19, 24.2, 1.0, 0.2, 3.6, 0.8, 0.704
200757, Thabo Sefolosha, 1610612762, UTA, 38, 16, 22, 21.2, 1.4, 0.3, 3.5, 1.4, 0.693
201152, Thaddeus Young, 1610612754, IND, 60, 34, 26, 32.8, 1.6, 0.4, 3.9, 2.2, 0.736
1628418, Thomas Bryant, 1610612747, LAL, 8, 4, 4, 3.6, 0.0, 0.0, 0.6, 0.5, 0.8
1627748, Thon Maker, 1610612749, MIL, 58, 33, 25, 18.1, 0.5, 0.8, 2.3, 2.8, 0.578
204025, Tim Frazier, 1610612764, WAS, 47, 28, 19, 15.1, 0.9, 0.1, 1.7, 0.7, 0.674
203501, Tim Hardaway Jr., 1610612752, NYK, 40, 15, 25, 32.6, 1.2, 0.2, 3.3, 1.7, 0.69
202389, Timofey Mozgov, 1610612751, BKN, 25, 9, 16, 12.7, 0.2, 0.4, 2.2, 1.0, 0.5
1627789, Timothe Luwawu-Cabarrot, 1610612755, PHI, 47, 26, 21, 16.6, 0.3, 0.1, 1.2, 0.9, 0.667
202699, Tobias Harris, 1610612746, LAC, 57, 29, 28, 32.9, 0.8, 0.4, 4.6, 2.5, 0.629
203107, Tomas Satoransky, 1610612764, WAS, 52, 32, 20, 19.3, 0.7, 0.2, 1.7, 1.1, 0.663
2754, Tony Allen, 1610612740, NOP, 22, 12, 10, 12.4, 0.5, 0.1, 1.2, 0.8, 0.773
1628396, Tony Bradley, 1610612762, UTA, 8, 5, 3, 3.5, 0.0, 0.0, 0.9, 0.1, 0.333
2225, Tony Parker, 1610612759, SAS, 34, 21, 13, 20.6, 0.6, 0.0, 2.0, 0.8, 0.931
203503, Tony Snell, 1610612749, MIL, 53, 31, 22, 28.8, 0.7, 0.4, 2.0, 1.4, 0.735
1628470, Torrey Craig, 1610612743, DEN, 26, 14, 12, 16.1, 0.3, 0.2, 2.0, 0.9, 0.632
1626203, Treveon Graham, 1610612766, CHA, 48, 23, 25, 17.3, 0.6, 0.0, 1.5, 0.7, 0.667
2772, Trevor Ariza, 1610612745, HOU, 47, 34, 13, 34.7, 1.5, 0.2, 4.1, 1.8, 0.761
202344, Trevor Booker, 1610612755, PHI, 50, 26, 24, 17.6, 0.5, 0.3, 3.1, 1.0, 0.578
203504, Trey Burke, 1610612752, NYK, 16, 5, 11, 15.6, 0.4, 0.1, 1.1, 0.3, 0.5
1626168, Trey Lyles, 1610612743, DEN, 55, 29, 26, 20.6, 0.5, 0.5, 4.3, 2.0, 0.643
203590, Trey McKinney-Jones, 1610612754, IND, 1, 1, 0, 1.2, 0.0, 0.0, 0.0, 0.0, 0.0
202684, Tristan Thompson, 1610612739, CLE, 40, 19, 21, 21.2, 0.3, 0.4, 4.2, 2.7, 0.701
203584, Troy Daniels, 1610612756, PHX, 62, 18, 44, 19.4, 0.2, 0.1, 1.2, 1.0, 0.769
1627786, Troy Williams, 1610612752, NYK, 7, 4, 3, 7.1, 0.6, 0.1, 1.4, 0.4, 0.375
1628463, Tyler Cavanaugh, 1610612737, ATL, 29, 10, 19, 13.7, 0.3, 0.1, 2.2, 1.3, 0.813
1628416, Tyler Dorsey, 1610612737, ATL, 35, 9, 26, 13.3, 0.3, 0.1, 1.6, 0.8, 0.844
203898, Tyler Ennis, 1610612747, LAL, 36, 16, 20, 10.6, 0.4, 0.1, 1.2, 0.6, 0.71
204020, Tyler Johnson, 1610612748, MIA, 52, 27, 25, 29.2, 0.9, 0.5, 3.0, 1.9, 0.683
1628399, Tyler Lydon, 1610612743, DEN, 1, 1, 0, 2.2, 0.0, 0.0, 0.0, 0.0, 0.0
1627755, Tyler Ulis, 1610612756, PHX, 56, 18, 38, 22.5, 1.0, 0.1, 1.3, 0.9, 0.81
203092, Tyler Zeller, 1610612749, MIL, 46, 17, 29, 16.2, 0.2, 0.5, 2.9, 1.8, 0.603
201936, Tyreke Evans, 1610612763, MEM, 49, 18, 31, 31.0, 1.1, 0.3, 4.2, 1.2, 0.663
1627820, Tyrone Wallace, 1610612746, LAC, 21, 14, 7, 27.7, 0.9, 0.4, 2.7, 1.7, 0.729
2199, Tyson Chandler, 1610612756, PHX, 42, 15, 27, 25.4, 0.3, 0.6, 6.5, 2.7, 0.616
1626145, Tyus Jones, 1610612750, MIN, 63, 37, 26, 18.0, 1.2, 0.0, 1.5, 0.8, 0.79
2617, Udonis Haslem, 1610612748, MIA, 9, 4, 5, 5.5, 0.0, 0.1, 0.4, 0.1, 0.25
203505, Vander Blue, 1610612747, LAL, 5, 1, 4, 9.0, 0.2, 0.0, 0.2, 0.0, 0.0
203506, Victor Oladipo, 1610612754, IND, 54, 34, 20, 34.2, 2.1, 0.8, 4.8, 2.0, 0.659
1713, Vince Carter, 1610612758, SAC, 41, 13, 28, 17.2, 0.9, 0.5, 2.0, 0.9, 0.563
1626205, Vincent Hunter, 1610612763, MEM, 4, 0, 4, 1.9, 0.0, 0.3, 0.3, 0.0, 0.0
1627215, Walter Lemon Jr., 1610612740, NOP, 2, 2, 0, 4.4, 0.0, 0.0, 0.0, 0.0, 0.0
201961, Wayne Ellington, 1610612748, MIA, 59, 31, 28, 26.4, 0.6, 0.1, 2.7, 0.8, 0.63
1627782, Wayne Selden, 1610612763, MEM, 20, 7, 13, 19.4, 0.6, 0.1, 1.3, 0.7, 0.722
1628411, Wes Iwundu, 1610612753, ORL, 42, 11, 31, 14.5, 0.5, 0.2, 1.6, 1.0, 0.683
202325, Wesley Johnson, 1610612746, LAC, 54, 29, 25, 22.6, 1.1, 1.0, 3.0, 1.9, 0.645
202083, Wesley Matthews, 1610612742, DAL, 60, 19, 41, 33.9, 1.2, 0.3, 2.7, 0.9, 0.786
203115, Will Barton, 1610612743, DEN, 59, 32, 27, 32.5, 1.1, 0.6, 4.0, 1.7, 0.645
1626161, Willie Cauley-Stein, 1610612758, SAC, 56, 16, 40, 27.5, 1.1, 0.9, 5.1, 2.0, 0.616
203186, Willie Reed, 1610612765, DET, 42, 20, 22, 10.2, 0.2, 0.5, 2.0, 0.9, 0.506
1626195, Willy Hernangomez, 1610612766, CHA, 30, 13, 17, 8.1, 0.3, 0.3, 1.6, 0.8, 0.548
201163, Wilson Chandler, 1610612743, DEN, 54, 29, 25, 30.7, 0.5, 0.5, 3.8, 1.2, 0.62
204098, Xavier Munford, 1610612749, MIL, 3, 1, 2, 3.6, 0.3, 0.0, 0.0, 0.3, 0.5
1627812, Yogi Ferrell, 1610612742, DAL, 61, 19, 42, 29.1, 0.8, 0.1, 2.9, 1.3, 0.796
1628380, Zach Collins, 1610612757, POR, 45, 27, 18, 15.1, 0.3, 0.5, 2.7, 0.8, 0.452
203897, Zach LaVine, 1610612741, CHI, 17, 5, 12, 26.7, 0.9, 0.1, 4.1, 0.7, 0.632
2216, Zach Randolph, 1610612758, SAC, 52, 16, 36, 25.8, 0.8, 0.2, 5.2, 2.7, 0.7
2585, Zaza Pachulia, 1610612744, GSW, 51, 38, 13, 14.7, 0.6, 0.2, 3.6, 2.2, 0.649
1627753, Zhou Qi, 1610612745, HOU, 14, 11, 3, 5.4, 0.1, 0.4, 0.8, 0.6, 0.529
