PLAYER_ID, PLAYER_NAME, TEAM_ID, TEAM_ABBREVIATION, AGE, OPP_FGM, OPP_FGA, OPP_FG_PCT, OPP_FGM, OPP_FGA, OPP_FG_PCT, OPP_FGM, OPP_FGA, OPP_FG_PCT, OPP_FGM, OPP_FGA, OPP_FG_PCT, OPP_FGM, OPP_FGA, OPP_FG_PCT, OPP_FGM, OPP_FGA, OPP_FG_PCT, OPP_FGM, OPP_FGA, OPP_FG_PCT, OPP_FGM, OPP_FGA, OPP_FG_PCT, OPP_FGM, OPP_FG_PCT
920, A.C. Green, 1610612742, DAL, 34.0, 12.2, 20.4, 0.6, 2.3, 5.8, 0.399, 2.5, 6.2, 0.411, 4.9, 12.2, 0.405, 2.8, 7.4, 0.383, 1.2, 3.6, 0.321, 0.0, 0.8, 0.0, 0.0, 0.8, 0.0, 0.1, 0.1
243, Aaron McKie, 1610612755, PHI, 25.0, 6.1, 10.8, 0.562, 1.7, 4.5, 0.386, 2.1, 6.1, 0.341, 2.7, 6.5, 0.422, 1.7, 4.1, 0.416, 1.3, 4.2, 0.313, 0.2, 0.7, 0.333, 0.0, 1.0, 0.0, 0.0, 0.0
1425, Aaron Williams, 1610612760, SEA, 26.0, 4.5, 7.5, 0.599, 0.7, 2.1, 0.35, 0.8, 2.3, 0.328, 1.5, 4.1, 0.371, 0.9, 2.5, 0.368, 0.8, 2.6, 0.326, 0.0, 0.7, 0.0, 0.0, 0.5, 0.0, 0.0, 0.0
228, Adam Keefe, 1610612762, UTA, 28.0, 8.0, 13.6, 0.583, 1.6, 4.6, 0.346, 1.9, 5.0, 0.377, 2.8, 7.7, 0.368, 3.5, 8.7, 0.405, 1.0, 2.6, 0.395, 0.0, 0.8, 0.0, 0.0, 0.3, 0.0, 0.0, 0.0
1502, Adonal Foyle, 1610612744, GSW, 23.0, 4.1, 7.1, 0.567, 0.9, 3.4, 0.277, 1.0, 2.5, 0.385, 1.8, 4.7, 0.389, 1.0, 2.5, 0.39, 0.6, 1.5, 0.362, None, None, None, 0.0, 0.3, 0.0, 0.0, 0.0
154, Adrian Caldwell, 1610612742, DAL, 31.0, 1.0, 1.0, 1.0, None, None, None, 1.0, 1.0, 1.0, 0.0, 1.0, 0.0, None, None, None, 0.0, 0.0, 0.0, None, None, None, 0.0, 1.0, 0.0, None, None
673, Alan Henderson, 1610612737, ATL, 25.0, 10.2, 18.2, 0.562, 1.8, 5.2, 0.345, 3.1, 8.4, 0.369, 3.3, 8.7, 0.385, 2.0, 4.9, 0.398, 1.8, 4.6, 0.384, 0.0, 0.4, 0.0, 0.1, 0.4, 0.333, 0.0, 0.0
275, Allan Houston, 1610612752, NYK, 27.0, 9.9, 16.8, 0.585, 2.2, 5.9, 0.372, 3.1, 8.7, 0.359, 4.2, 10.8, 0.388, 3.0, 7.8, 0.387, 1.2, 4.3, 0.277, 0.0, 0.7, 0.0, 0.0, 0.3, 0.0, 0.1, 0.143
947, Allen Iverson, 1610612755, PHI, 23.0, 13.3, 22.7, 0.586, 2.6, 7.2, 0.358, 3.8, 10.2, 0.369, 4.8, 11.2, 0.432, 2.8, 6.3, 0.451, 2.4, 7.3, 0.325, 0.1, 0.9, 0.125, 0.0, 0.4, 0.0, 0.0, 0.0
297, Alonzo Mourning, 1610612748, MIA, 28.0, 8.4, 16.8, 0.498, 2.8, 7.1, 0.397, 3.1, 8.6, 0.357, 3.9, 10.1, 0.384, 3.1, 8.2, 0.376, 1.0, 3.0, 0.349, 0.0, 0.0, 0.0, 0.0, 0.4, 0.0, 0.0, 0.0
175, Alton Lister, 1610612757, POR, 39.0, 0.9, 1.9, 0.462, 0.6, 1.0, 0.6, 1.2, 2.0, 0.6, 0.9, 3.1, 0.273, 0.8, 2.5, 0.3, 0.0, 1.5, 0.0, None, None, None, None, None, None, 0.0, 0.0
1541, Alvin Williams, 1610612761, TOR, 23.0, 6.8, 12.8, 0.532, 1.5, 3.9, 0.387, 1.3, 3.8, 0.34, 2.0, 5.5, 0.358, 2.6, 7.4, 0.359, 0.7, 2.0, 0.356, 0.0, 0.8, 0.0, 0.3, 0.8, 0.333, 0.0, 0.0
692, Andrew DeClercq, 1610612738, BOS, 25.0, 7.9, 12.7, 0.621, 1.1, 3.2, 0.331, 0.9, 2.9, 0.29, 1.9, 4.5, 0.419, 1.3, 3.6, 0.367, 0.7, 2.2, 0.306, 0.0, 0.4, 0.0, 0.0, 0.7, 0.0, 0.1, 0.167
457, Andrew Lang, 1610612749, MIL, 32.0, 4.0, 6.2, 0.646, 0.8, 2.1, 0.393, 1.2, 3.1, 0.375, 1.3, 3.7, 0.361, 1.0, 2.8, 0.352, 0.8, 2.2, 0.356, 0.3, 0.8, 0.333, 0.0, 1.0, 0.0, 0.0, 0.0
358, Anfernee Hardaway, 1610612753, ORL, 26.0, 11.1, 19.4, 0.571, 2.8, 6.8, 0.408, 2.6, 7.9, 0.333, 4.7, 10.7, 0.443, 3.2, 7.6, 0.414, 0.6, 3.1, 0.179, 0.3, 0.5, 0.5, 0.0, 0.3, 0.0, 0.0, 0.0
194, Anthony Bowie, 1610612752, NYK, 34.0, 2.7, 4.2, 0.632, 0.6, 1.9, 0.313, 0.9, 2.4, 0.39, 1.2, 2.8, 0.426, 0.9, 2.8, 0.34, 0.4, 1.8, 0.25, None, None, None, 0.0, 1.0, 0.0, 0.0, 0.0
924, Anthony Goldwire, 1610612743, DEN, 26.0, 9.7, 15.1, 0.643, 1.6, 4.3, 0.381, 1.7, 4.7, 0.366, 3.4, 8.6, 0.398, 2.5, 6.3, 0.395, 1.4, 3.8, 0.382, 0.0, 0.3, 0.0, 0.0, 0.5, 0.0, 0.0, 0.071
1533, Anthony Johnson, 1610612758, SAC, 23.0, 11.3, 18.7, 0.606, 2.6, 7.1, 0.371, 2.2, 5.9, 0.38, 3.2, 8.2, 0.394, 2.9, 7.4, 0.394, 1.0, 3.2, 0.312, 0.0, 0.8, 0.0, 0.3, 0.7, 0.5, 0.0, 0.0
193, Anthony Mason, 1610612766, CHH, 31.0, 13.5, 22.2, 0.608, 3.2, 7.7, 0.416, 3.2, 8.6, 0.369, 4.3, 10.6, 0.408, 3.9, 9.6, 0.403, 1.4, 4.4, 0.308, 0.1, 0.6, 0.25, 0.2, 0.8, 0.2, 0.1, 0.111
292, Anthony Miller, 1610612737, ATL, 26.0, 2.9, 4.5, 0.642, 0.6, 1.5, 0.378, 0.7, 1.8, 0.377, 0.8, 1.8, 0.414, 0.5, 1.3, 0.382, 0.5, 1.3, 0.394, 0.0, 0.5, 0.0, 0.0, 1.0, 0.0, 0.0, 0.0
1515, Anthony Parker, 1610612755, PHI, 23.0, 1.8, 2.8, 0.635, 0.4, 1.1, 0.375, 0.5, 1.7, 0.302, 0.9, 2.5, 0.373, 0.6, 1.6, 0.366, 0.6, 1.3, 0.455, 0.0, 0.7, 0.0, 0.0, 0.7, 0.0, 0.0, 0.0
324, Anthony Peeler, 1610612750, MIN, 28.0, 12.2, 20.4, 0.599, 2.6, 6.7, 0.384, 2.5, 5.9, 0.424, 3.6, 10.6, 0.337, 3.0, 7.8, 0.387, 1.2, 3.3, 0.355, 0.3, 0.7, 0.5, 0.0, 0.3, 0.0, 0.0, 0.0
156, Antoine Carr, 1610612762, UTA, 36.0, 4.3, 7.8, 0.55, 0.9, 2.7, 0.335, 1.2, 3.1, 0.373, 2.1, 5.2, 0.405, 2.4, 6.0, 0.39, 0.5, 1.7, 0.307, 0.0, 0.6, 0.0, 0.0, 1.0, 0.0, 0.0, 0.0
952, Antoine Walker, 1610612738, BOS, 21.0, 17.7, 27.6, 0.64, 2.0, 6.1, 0.322, 2.2, 6.3, 0.342, 3.6, 8.9, 0.404, 2.8, 7.8, 0.357, 1.3, 4.0, 0.323, 0.1, 0.4, 0.167, 0.0, 0.4, 0.0, 0.0, 0.0
1498, Antonio Daniels, 1610612763, VAN, 23.0, 10.1, 16.1, 0.626, 2.1, 5.4, 0.383, 2.3, 6.1, 0.385, 4.6, 10.6, 0.434, 2.6, 5.8, 0.454, 1.5, 3.6, 0.42, 0.0, 0.5, 0.0, 0.0, 0.2, 0.0, 0.0, 0.0
213, Antonio Davis, 1610612754, IND, 29.0, 7.7, 13.5, 0.568, 2.6, 7.1, 0.373, 2.1, 5.9, 0.352, 3.2, 8.0, 0.405, 1.9, 5.1, 0.368, 0.9, 3.0, 0.301, 0.1, 0.6, 0.25, 0.0, 0.5, 0.0, 0.0, 0.0
226, Antonio Lang, 1610612748, MIA, 26.0, 2.5, 3.8, 0.652, 0.7, 1.7, 0.4, 0.5, 1.8, 0.286, 1.4, 3.0, 0.467, 0.3, 1.8, 0.182, 0.0, 0.5, 0.0, None, None, None, None, None, None, None, None
686, Antonio McDyess, 1610612756, PHX, 23.0, 10.6, 17.9, 0.59, 2.3, 6.7, 0.344, 2.4, 6.6, 0.37, 3.6, 9.3, 0.384, 2.8, 7.1, 0.395, 1.0, 3.1, 0.325, 0.0, 0.6, 0.0, 0.0, 0.8, 0.0, 0.1, 0.111
288, Armen Gilliam, 1610612749, MIL, 34.0, 9.7, 15.8, 0.614, 1.8, 4.8, 0.367, 2.4, 5.9, 0.413, 3.1, 7.7, 0.399, 1.5, 4.3, 0.344, 1.1, 3.6, 0.314, 0.0, 0.8, 0.0, 0.0, 0.6, 0.0, 0.0, 0.0
717, Arvydas Sabonis, 1610612757, POR, 33.0, 9.3, 16.9, 0.549, 2.2, 5.5, 0.395, 2.0, 5.4, 0.363, 4.4, 10.5, 0.414, 4.3, 11.6, 0.371, 0.9, 2.6, 0.326, 0.0, 0.5, 0.0, 0.3, 0.6, 0.4, 0.0, 0.0
1506, Austin Croshere, 1610612754, IND, 23.0, 2.9, 4.3, 0.67, 1.2, 2.7, 0.441, 0.7, 2.3, 0.296, 1.2, 2.8, 0.431, 0.9, 2.1, 0.431, 0.5, 1.8, 0.257, None, None, None, 0.0, 0.5, 0.0, 0.0, 0.0
422, Avery Johnson, 1610612759, SAS, 33.0, 9.8, 19.2, 0.508, 3.0, 8.2, 0.367, 3.7, 9.5, 0.386, 5.0, 12.5, 0.4, 2.8, 7.9, 0.351, 1.2, 3.8, 0.326, 0.2, 0.6, 0.333, 0.2, 0.5, 0.333, 0.0, 0.0
769, B.J. Armstrong, 1610612766, CHH, 30.0, 4.5, 7.1, 0.636, 1.1, 2.9, 0.365, 0.8, 2.7, 0.31, 1.6, 3.5, 0.45, 1.3, 3.5, 0.365, 0.5, 1.5, 0.338, 0.0, 0.5, 0.0, 0.0, 0.5, 0.0, 0.0, 0.0
989, Ben Davis, 1610612752, NYK, 25.0, 0.9, 1.0, 0.857, 0.3, 0.8, 0.333, 0.3, 0.7, 0.5, 0.7, 1.3, 0.5, 0.5, 1.0, 0.5, 0.0, 0.5, 0.0, None, None, None, None, None, None, None, None
1112, Ben Wallace, 1610612764, WAS, 23.0, 6.0, 11.0, 0.541, 1.1, 3.3, 0.33, 1.2, 3.8, 0.314, 1.8, 4.9, 0.357, 1.5, 3.8, 0.383, 0.7, 2.4, 0.285, 0.0, 0.8, 0.0, 0.0, 0.0, 0.0, 0.0, 0.0
104, Benoit Benjamin, 1610612755, PHI, 33.0, 3.9, 6.8, 0.579, 0.9, 2.2, 0.419, 1.5, 3.6, 0.412, 1.6, 4.0, 0.404, 1.6, 2.7, 0.594, 0.3, 2.1, 0.143, None, None, None, 0.0, 1.0, 0.0, 0.0, 0.0
223, Bill Curley, 1610612750, MIN, 26.0, 4.8, 7.8, 0.616, 1.1, 2.8, 0.393, 1.2, 3.3, 0.367, 2.0, 4.3, 0.465, 1.1, 3.2, 0.343, 0.7, 2.2, 0.3, 0.0, 1.0, 0.0, None, None, None, 0.0, 0.0
82, Bill Wennington, 1610612741, CHI, 35.0, 3.1, 5.6, 0.544, 0.7, 2.1, 0.325, 0.9, 2.5, 0.343, 1.1, 3.3, 0.331, 0.9, 2.5, 0.36, 0.6, 1.5, 0.37, 0.0, 0.0, 0.0, None, None, None, 0.0, 0.0
182, Billy Owens, 1610612758, SAC, 29.0, 11.2, 18.6, 0.605, 2.9, 7.7, 0.373, 2.3, 6.3, 0.373, 3.7, 9.2, 0.405, 2.9, 7.3, 0.397, 0.9, 3.1, 0.305, 0.0, 0.5, 0.0, 0.2, 0.8, 0.2, 0.0, 0.0
902, Bimbo Coles, 1610612744, GSW, 30.0, 10.1, 17.4, 0.581, 2.0, 6.2, 0.315, 1.8, 5.7, 0.31, 4.2, 10.2, 0.413, 2.1, 5.3, 0.402, 1.2, 3.4, 0.363, 0.0, 0.3, 0.0, 0.0, 0.3, 0.0, 0.0, 0.0
183, Bison Dele, 1610612765, DET, 29.0, 10.0, 16.7, 0.598, 2.2, 5.4, 0.412, 3.3, 8.3, 0.395, 5.2, 12.6, 0.415, 2.2, 5.5, 0.396, 1.9, 5.3, 0.351, 0.0, 0.6, 0.0, 0.0, 1.0, 0.0, 0.1, 0.167
898, Blue Edwards, 1610612763, VAN, 32.0, 8.7, 14.0, 0.622, 1.6, 4.2, 0.369, 1.7, 4.6, 0.37, 3.7, 8.8, 0.424, 2.0, 5.2, 0.391, 1.2, 3.4, 0.347, 0.0, 0.6, 0.0, 0.0, 0.4, 0.0, 0.0, 0.0
448, Bo Outlaw, 1610612753, ORL, 27.0, 12.5, 22.2, 0.561, 2.7, 6.7, 0.403, 2.5, 6.8, 0.367, 4.6, 11.4, 0.404, 3.5, 8.8, 0.397, 0.9, 3.4, 0.269, 0.1, 0.4, 0.333, 0.0, 0.4, 0.0, 0.0, 0.0
737, Bob McCann, 1610612761, TOR, 34.0, 1.0, 3.0, 0.333, 1.0, 1.0, 1.0, 0.0, 2.0, 0.0, 1.0, 2.0, 0.5, 0.0, 1.0, 0.0, None, None, None, None, None, None, None, None, None, None, None
682, Bob Sura, 1610612739, CLE, 25.0, 6.9, 11.9, 0.579, 1.1, 3.6, 0.297, 1.6, 4.5, 0.355, 2.3, 5.7, 0.408, 1.2, 3.5, 0.342, 0.6, 2.2, 0.297, None, None, None, 0.0, 0.5, 0.0, 0.0, 0.0
310, Bobby Hurley, 1610612763, VAN, 27.0, 5.0, 8.2, 0.618, 1.3, 3.3, 0.395, 0.8, 2.7, 0.312, 2.0, 4.6, 0.435, 1.6, 3.5, 0.472, 0.8, 2.3, 0.333, 0.0, 0.5, 0.0, None, None, None, 0.0, 0.0
1517, Bobby Jackson, 1610612743, DEN, 25.0, 11.1, 17.8, 0.621, 2.0, 5.1, 0.395, 1.7, 5.1, 0.323, 4.2, 10.4, 0.402, 2.9, 6.6, 0.432, 1.5, 4.4, 0.339, 0.1, 0.4, 0.333, 0.0, 0.5, 0.0, 0.1, 0.2
184, Bobby Phills, 1610612766, CHH, 28.0, 11.0, 17.7, 0.62, 2.5, 6.4, 0.397, 2.5, 6.7, 0.366, 3.2, 8.1, 0.392, 3.2, 7.8, 0.412, 1.1, 3.3, 0.319, 0.2, 0.5, 0.333, 0.2, 0.6, 0.333, 0.1, 0.2
38, Brad Lohaus, 1610612759, SAS, 33.0, 3.3, 6.6, 0.508, 0.4, 1.6, 0.273, 0.6, 1.4, 0.455, 2.0, 5.0, 0.4, 1.7, 3.3, 0.5, 0.6, 1.3, 0.444, 0.0, 0.5, 0.0, 0.0, 1.0, 0.0, None, None
1585, Brandon Williams, 1610612744, GSW, 23.0, 6.0, 9.7, 0.621, 0.9, 4.0, 0.219, 1.2, 4.3, 0.282, 1.8, 5.2, 0.34, 1.0, 3.5, 0.286, 0.4, 1.6, 0.286, None, None, None, None, None, None, 0.0, 0.0
699, Brent Barry, 1610612748, MIA, 26.0, 10.7, 18.1, 0.593, 2.4, 6.4, 0.377, 2.3, 5.6, 0.417, 3.6, 8.5, 0.426, 2.3, 6.2, 0.366, 1.1, 2.9, 0.39, 0.1, 0.3, 0.5, 0.0, 0.2, 0.0, 0.0, 0.0
85, Brent Price, 1610612745, HOU, 29.0, 6.5, 10.4, 0.622, 1.5, 3.7, 0.408, 1.5, 3.9, 0.39, 2.6, 6.9, 0.377, 1.9, 5.1, 0.367, 0.6, 1.9, 0.339, 0.0, 0.3, 0.0, 0.2, 0.7, 0.25, 0.0, 0.0
1510, Brevin Knight, 1610612739, CLE, 22.0, 9.8, 17.4, 0.564, 1.6, 5.8, 0.268, 2.6, 7.2, 0.361, 3.6, 9.1, 0.4, 2.4, 6.1, 0.4, 1.1, 3.5, 0.307, 0.0, 0.0, 0.0, 0.3, 0.8, 0.333, 0.0, 0.0
967, Brian Evans, 1610612751, NJN, 24.0, 4.6, 7.6, 0.601, 0.9, 2.3, 0.372, 0.9, 2.3, 0.378, 1.5, 3.9, 0.391, 1.4, 3.4, 0.425, 0.5, 1.5, 0.355, 0.2, 0.4, 0.5, 0.0, 0.0, 0.0, 0.0, 0.0
258, Brian Grant, 1610612757, POR, 26.0, 9.1, 16.9, 0.542, 2.2, 5.8, 0.38, 1.6, 4.7, 0.338, 4.4, 10.7, 0.406, 4.2, 10.6, 0.398, 1.0, 3.0, 0.348, 0.1, 0.4, 0.333, 0.0, 0.7, 0.0, 0.0, 0.0
1680, Brian Oliver, 1610612737, ATL, 30.0, 4.2, 7.2, 0.583, 1.3, 2.5, 0.5, 0.8, 2.8, 0.286, 1.2, 3.0, 0.4, 1.8, 3.6, 0.5, 0.2, 0.8, 0.25, None, None, None, None, None, None, 0.0, 0.0
216, Brian Shaw, 1610612755, PHI, 32.0, 8.7, 15.4, 0.568, 1.7, 5.3, 0.33, 1.9, 5.6, 0.332, 3.7, 8.4, 0.443, 1.7, 4.1, 0.421, 1.1, 3.7, 0.302, 0.3, 0.7, 0.5, 0.0, 0.7, 0.0, 0.0, 0.0
240, Brooks Thompson, 1610612752, NYK, 27.0, 2.1, 3.0, 0.689, 0.6, 1.7, 0.364, 0.7, 1.9, 0.375, 0.8, 2.3, 0.327, 0.5, 1.3, 0.414, 0.2, 0.7, 0.235, None, None, None, 0.0, 1.0, 0.0, None, None
1477, Bruce Bowen, 1610612738, BOS, 27.0, 9.0, 14.8, 0.611, 1.0, 3.4, 0.284, 0.9, 2.8, 0.317, 1.7, 4.0, 0.429, 1.5, 4.2, 0.344, 0.8, 2.5, 0.309, 0.0, 0.4, 0.0, 0.0, 0.3, 0.0, 0.1, 0.125
735, Bryant Reeves, 1610612763, VAN, 25.0, 12.3, 19.9, 0.616, 2.4, 6.4, 0.373, 2.7, 7.2, 0.371, 5.8, 14.0, 0.414, 2.9, 7.1, 0.405, 1.8, 4.6, 0.391, 0.0, 1.0, 0.0, 0.3, 0.5, 0.5, 0.0, 0.0
179, Bryant Stith, 1610612743, DEN, 27.0, 8.1, 13.0, 0.622, 1.4, 3.8, 0.376, 1.3, 3.6, 0.358, 3.4, 8.1, 0.413, 2.5, 5.9, 0.418, 1.2, 2.9, 0.429, 0.5, 1.0, 0.5, 0.0, 0.0, 0.0, 0.0, 0.0
935, Bryon Russell, 1610612762, UTA, 27.0, 7.8, 14.1, 0.553, 1.8, 4.8, 0.373, 1.7, 4.6, 0.374, 2.8, 7.6, 0.361, 3.6, 9.0, 0.394, 0.9, 2.7, 0.345, 0.0, 0.6, 0.0, 0.0, 0.7, 0.0, 0.1, 0.067
1528, Bubba Wells, 1610612742, DAL, 23.0, 4.2, 6.8, 0.618, 0.9, 1.9, 0.46, 0.7, 1.9, 0.39, 1.6, 4.1, 0.381, 1.0, 2.9, 0.34, 0.7, 1.7, 0.423, 0.0, 1.0, 0.0, 0.0, 0.5, 0.0, 0.0, 0.0
433, Buck Williams, 1610612752, NYK, 38.0, 5.2, 9.0, 0.578, 1.0, 2.7, 0.374, 1.4, 4.0, 0.344, 2.2, 5.9, 0.372, 1.8, 4.4, 0.396, 0.6, 2.4, 0.238, 0.0, 0.0, 0.0, 0.0, 0.5, 0.0, 0.0, 0.0
384, Calbert Cheaney, 1610612764, WAS, 26.0, 13.5, 22.4, 0.602, 2.4, 6.3, 0.378, 2.7, 7.2, 0.371, 3.9, 10.3, 0.379, 2.9, 7.0, 0.409, 1.4, 4.0, 0.339, 0.0, 0.6, 0.0, 0.0, 0.5, 0.0, 0.0, 0.0
61, Carl Herrera, 1610612759, SAS, 31.0, 2.7, 5.2, 0.517, 0.8, 2.2, 0.354, 0.7, 2.0, 0.357, 1.2, 3.0, 0.387, 0.9, 2.5, 0.372, 0.4, 1.5, 0.276, 1.0, 1.0, 1.0, 0.0, 0.3, 0.0, 0.0, 0.0
1063, Carl Thomas, 1610612739, CLE, 28.0, 3.3, 5.3, 0.611, 0.9, 2.8, 0.304, 0.9, 3.2, 0.286, 1.7, 3.7, 0.461, 0.9, 2.4, 0.372, 0.6, 1.6, 0.409, 0.0, 0.0, 0.0, 0.0, 0.5, 0.0, 0.0, 0.0
435, Carlos Rogers, 1610612757, POR, 27.0, 8.4, 12.8, 0.654, 1.0, 2.6, 0.365, 1.3, 3.8, 0.347, 2.0, 4.9, 0.417, 2.0, 5.0, 0.404, 0.5, 2.1, 0.243, 0.0, 0.7, 0.0, 1.0, 1.0, 1.0, 0.0, 0.0
76, Cedric Ceballos, 1610612742, DAL, 28.0, 7.1, 12.5, 0.569, 1.5, 4.4, 0.347, 1.2, 3.9, 0.295, 3.1, 7.8, 0.394, 2.0, 5.2, 0.385, 0.9, 2.2, 0.392, 0.3, 0.8, 0.333, 0.0, 0.5, 0.0, 0.0, 0.0
1538, Cedric Henderson, 1610612739, CLE, 23.0, 10.0, 17.3, 0.575, 1.7, 5.6, 0.307, 2.5, 6.8, 0.366, 3.3, 8.7, 0.38, 2.7, 6.5, 0.42, 1.2, 4.0, 0.303, 0.0, 0.0, 0.0, 0.1, 0.6, 0.25, 0.0, 0.0
787, Charles Barkley, 1610612745, HOU, 35.0, 11.7, 18.7, 0.627, 2.7, 7.0, 0.389, 2.4, 6.0, 0.39, 4.8, 11.0, 0.433, 3.8, 9.7, 0.396, 1.2, 3.2, 0.395, 0.0, 0.0, 0.0, 0.3, 1.0, 0.333, 0.1, 0.111
279, Charles Jones, 1610612745, HOU, 41.0, 2.2, 3.4, 0.642, 0.6, 2.2, 0.275, 0.5, 1.2, 0.429, 0.8, 1.9, 0.436, 0.6, 1.3, 0.5, 0.5, 1.1, 0.429, None, None, None, None, None, None, 0.0, 0.0
1525, Charles O'Bannon, 1610612765, DET, 23.0, 2.0, 3.4, 0.583, 0.6, 1.4, 0.433, 0.9, 2.2, 0.396, 1.3, 3.5, 0.379, 1.2, 2.3, 0.523, 0.6, 1.9, 0.325, 0.0, 0.3, 0.0, 0.0, 0.0, 0.0, 0.2, 0.25
891, Charles Oakley, 1610612752, NYK, 34.0, 9.6, 16.6, 0.577, 2.2, 5.8, 0.383, 3.2, 8.6, 0.374, 4.1, 10.5, 0.39, 2.8, 7.6, 0.372, 1.2, 4.2, 0.295, 0.0, 0.8, 0.0, 0.0, 0.1, 0.0, 0.1, 0.111
1520, Charles Smith, 1610612746, LAC, 22.0, 3.5, 5.8, 0.599, 0.8, 2.7, 0.306, 0.8, 2.0, 0.408, 1.2, 2.8, 0.422, 0.8, 2.1, 0.361, 0.2, 1.1, 0.138, 0.0, 0.3, 0.0, 0.0, 1.0, 0.0, 0.0, 0.0
369, Charlie Ward, 1610612752, NYK, 27.0, 7.5, 13.2, 0.565, 1.8, 4.8, 0.379, 2.5, 7.3, 0.338, 3.3, 8.9, 0.368, 2.6, 6.7, 0.388, 1.1, 3.7, 0.294, 0.0, 0.8, 0.0, 0.0, 0.5, 0.0, 0.0, 0.0
1497, Chauncey Billups, 1610612761, TOR, 21.0, 12.2, 19.8, 0.616, 1.4, 4.3, 0.332, 1.7, 4.7, 0.353, 3.2, 6.9, 0.458, 2.4, 6.0, 0.399, 0.9, 2.5, 0.373, 0.1, 0.3, 0.5, 0.0, 0.5, 0.0, 0.1, 0.111
685, Cherokee Parks, 1610612750, MIN, 25.0, 8.3, 14.5, 0.575, 1.4, 4.1, 0.347, 1.5, 3.8, 0.389, 2.7, 7.2, 0.371, 2.5, 6.2, 0.398, 0.8, 2.5, 0.331, 0.0, 0.0, 0.0, 0.0, 0.5, 0.0, 0.0, 0.0
1512, Chris Anstey, 1610612742, DAL, 23.0, 6.8, 11.1, 0.614, 1.1, 2.9, 0.36, 1.2, 2.8, 0.417, 2.0, 5.6, 0.354, 1.8, 4.9, 0.362, 0.7, 2.3, 0.286, 0.0, 1.0, 0.0, 0.0, 1.0, 0.0, 0.0, 0.0
713, Chris Carr, 1610612750, MIN, 24.0, 8.4, 14.5, 0.582, 1.7, 4.4, 0.384, 1.8, 4.6, 0.386, 3.0, 7.6, 0.398, 2.9, 7.1, 0.408, 0.8, 2.5, 0.327, 0.0, 1.0, 0.0, 0.5, 0.5, 1.0, 0.0, 0.0
164, Chris Childs, 1610612752, NYK, 30.0, 6.6, 11.0, 0.601, 1.5, 4.2, 0.358, 2.0, 5.7, 0.358, 2.8, 7.1, 0.393, 1.7, 4.8, 0.362, 0.7, 2.9, 0.255, 0.0, 0.5, 0.0, 0.0, 0.2, 0.0, 0.1, 0.222
1544, Chris Crawford, 1610612737, ATL, 23.0, 2.9, 4.9, 0.592, 0.5, 1.4, 0.349, 0.6, 1.8, 0.344, 0.9, 2.4, 0.39, 0.7, 1.7, 0.429, 0.5, 1.3, 0.41, 0.0, 0.3, 0.0, 0.0, 0.3, 0.0, 0.0, 0.0
201, Chris Dudley, 1610612752, NYK, 33.0, 3.7, 7.3, 0.509, 1.1, 3.3, 0.341, 1.7, 4.8, 0.351, 1.8, 5.1, 0.359, 1.4, 4.1, 0.345, 0.8, 2.3, 0.324, 0.0, 0.7, 0.0, 0.0, 0.5, 0.0, 0.0, 0.0
1612, Chris Garner, 1610612761, TOR, 23.0, 3.1, 5.1, 0.608, 0.8, 1.8, 0.413, 0.6, 1.6, 0.391, 1.1, 2.6, 0.432, 1.3, 2.8, 0.456, 0.3, 1.0, 0.25, 0.0, 0.0, 0.0, None, None, None, 0.0, 0.0
423, Chris Gatling, 1610612751, NJN, 30.0, 9.2, 15.3, 0.602, 1.4, 3.4, 0.405, 1.4, 3.6, 0.389, 2.6, 6.4, 0.408, 2.4, 6.2, 0.385, 1.3, 3.2, 0.427, 0.0, 0.2, 0.0, 0.0, 1.0, 0.0, 0.0, 0.0
168, Chris Mills, 1610612752, NYK, 28.0, 7.5, 13.2, 0.57, 1.7, 4.4, 0.38, 2.3, 6.6, 0.342, 3.3, 8.5, 0.381, 2.0, 5.7, 0.352, 0.9, 3.4, 0.267, 0.0, 0.6, 0.0, 0.0, 0.5, 0.0, 0.1, 0.125
356, Chris Morris, 1610612762, UTA, 32.0, 2.9, 5.3, 0.544, 0.7, 1.9, 0.368, 0.7, 1.8, 0.416, 1.2, 3.6, 0.335, 1.6, 3.8, 0.421, 0.5, 1.7, 0.295, 0.0, 0.5, 0.0, None, None, None, 0.0, 0.0
904, Chris Mullin, 1610612754, IND, 34.0, 8.5, 15.1, 0.56, 2.3, 6.2, 0.365, 2.4, 6.5, 0.369, 3.7, 9.2, 0.399, 1.8, 5.0, 0.365, 0.9, 2.8, 0.335, 0.0, 0.7, 0.0, 0.0, 0.3, 0.0, 0.0, 0.0
997, Chris Robinson, 1610612758, SAC, 24.0, 4.0, 6.5, 0.618, 1.0, 2.5, 0.409, 0.8, 2.0, 0.4, 1.3, 4.0, 0.326, 1.4, 3.8, 0.373, 0.7, 1.7, 0.413, 0.0, 0.5, 0.0, 0.0, 0.0, 0.0, 0.0, 0.0
185, Chris Webber, 1610612764, WAS, 25.0, 14.8, 25.6, 0.579, 2.6, 7.1, 0.369, 3.1, 8.2, 0.38, 4.6, 12.0, 0.381, 3.3, 8.2, 0.406, 1.6, 4.6, 0.344, 0.0, 0.7, 0.0, 0.0, 0.4, 0.0, 0.0, 0.0
43, Chris Whitney, 1610612764, WAS, 26.0, 4.7, 8.2, 0.572, 0.8, 2.2, 0.354, 0.9, 2.6, 0.343, 1.4, 4.0, 0.357, 1.3, 3.1, 0.418, 0.5, 1.7, 0.277, 0.0, 0.4, 0.0, 0.0, 0.2, 0.0, 0.0, 0.0
363, Christian Laettner, 1610612737, ATL, 28.0, 9.9, 17.7, 0.557, 2.1, 5.6, 0.378, 3.5, 8.9, 0.391, 3.8, 9.3, 0.408, 2.2, 5.6, 0.399, 1.2, 4.0, 0.311, 0.0, 0.5, 0.0, 0.0, 0.4, 0.0, 0.1, 0.167
456, Chuck Person, 1610612759, SAS, 34.0, 6.4, 12.7, 0.507, 2.0, 5.6, 0.352, 2.2, 5.9, 0.366, 3.4, 8.1, 0.42, 1.9, 5.3, 0.354, 0.8, 2.7, 0.318, 0.0, 0.3, 0.0, 0.3, 0.3, 1.0, 0.0, 0.0
359, Chucky Brown, 1610612737, ATL, 30.0, 5.4, 9.3, 0.586, 1.2, 3.2, 0.363, 1.8, 4.7, 0.385, 1.7, 4.7, 0.373, 1.1, 2.7, 0.392, 0.8, 2.3, 0.342, 0.0, 0.5, 0.0, 0.0, 0.3, 0.0, 0.0, 0.0
221, Clar. Weatherspoon, 1610612744, GSW, 27.0, 9.9, 16.8, 0.591, 2.0, 5.8, 0.339, 2.6, 7.1, 0.37, 3.9, 9.3, 0.419, 2.0, 5.5, 0.356, 1.3, 4.2, 0.32, 0.0, 1.0, 0.0, 0.0, 0.5, 0.0, 0.0, 0.0
361, Clifford Robinson, 1610612756, PHX, 31.0, 11.0, 18.4, 0.601, 2.1, 5.9, 0.36, 2.2, 6.1, 0.359, 3.4, 8.8, 0.389, 2.7, 7.1, 0.38, 1.1, 2.9, 0.38, 0.0, 0.7, 0.0, 0.1, 1.0, 0.143, 0.1, 0.111
32, Clifford Rozier, 1610612750, MIN, 25.0, 1.2, 2.2, 0.538, 0.8, 0.8, 1.0, 0.8, 0.8, 1.0, 0.8, 2.3, 0.333, 0.5, 1.5, 0.333, 0.3, 0.3, 1.0, None, None, None, None, None, None, None, None
17, Clyde Drexler, 1610612745, HOU, 36.0, 12.3, 20.4, 0.604, 3.0, 7.7, 0.388, 2.3, 6.2, 0.365, 5.2, 12.2, 0.428, 4.4, 10.5, 0.415, 1.2, 3.4, 0.346, 0.0, 0.5, 0.0, 0.0, 1.0, 0.0, 0.1, 0.083
1133, Corey Beck, 1610612766, CHH, 27.0, 4.2, 7.5, 0.561, 1.1, 2.5, 0.44, 1.3, 3.2, 0.396, 1.6, 3.9, 0.411, 1.2, 3.1, 0.394, 0.5, 1.4, 0.323, 0.3, 1.0, 0.333, 0.0, 0.5, 0.0, 0.0, 0.0
916, Corie Blount, 1610612747, LAL, 29.0, 4.8, 8.5, 0.569, 1.4, 3.6, 0.379, 1.5, 3.8, 0.398, 1.8, 4.7, 0.387, 1.2, 3.0, 0.411, 0.7, 2.4, 0.297, 0.0, 0.4, 0.0, 0.0, 0.3, 0.0, 0.1, 0.125
722, Corliss Williamson, 1610612758, SAC, 24.0, 13.2, 21.8, 0.606, 3.3, 8.9, 0.368, 2.7, 7.3, 0.375, 4.2, 10.7, 0.394, 3.4, 8.9, 0.38, 1.2, 3.9, 0.318, 0.0, 0.6, 0.0, 0.5, 1.0, 0.5, 0.0, 0.0
724, Cory Alexander, 1610612743, DEN, 25.0, 7.1, 12.0, 0.593, 1.4, 3.8, 0.376, 1.6, 4.3, 0.369, 2.7, 6.4, 0.417, 2.4, 6.0, 0.402, 0.9, 3.1, 0.306, 0.0, 0.0, 0.0, 0.0, 0.5, 0.0, 0.0, 0.0
905, Dale Davis, 1610612754, IND, 29.0, 8.7, 15.8, 0.552, 2.6, 7.1, 0.368, 2.6, 6.8, 0.376, 3.9, 9.4, 0.411, 1.9, 5.0, 0.379, 1.0, 3.0, 0.329, 0.1, 0.7, 0.143, 0.0, 0.0, 0.0, 0.0, 0.0
107, Dale Ellis, 1610612760, SEA, 37.0, 8.2, 14.2, 0.579, 1.3, 3.5, 0.357, 1.3, 3.9, 0.344, 2.9, 7.6, 0.382, 2.1, 5.5, 0.382, 1.3, 3.7, 0.346, 0.0, 0.8, 0.0, 0.1, 0.9, 0.111, 0.0, 0.0
757, Damon Stoudamire, 1610612757, POR, 24.0, 16.2, 26.5, 0.611, 2.8, 7.6, 0.372, 2.5, 6.8, 0.36, 4.5, 11.3, 0.394, 4.7, 11.0, 0.425, 1.2, 3.5, 0.335, 0.2, 0.6, 0.286, 0.5, 0.5, 1.0, 0.1, 0.1
105, Dan Majerle, 1610612748, MIA, 32.0, 7.5, 14.1, 0.537, 1.9, 5.7, 0.337, 2.1, 6.0, 0.355, 2.9, 7.8, 0.368, 2.5, 6.7, 0.373, 0.8, 2.6, 0.321, 0.0, 0.3, 0.0, 0.0, 0.4, 0.0, 0.0, 0.0
7, Dan Schayes, 1610612753, ORL, 39.0, 5.7, 9.7, 0.589, 1.3, 3.2, 0.4, 1.2, 3.4, 0.371, 2.3, 5.4, 0.42, 1.7, 4.3, 0.394, 0.6, 2.0, 0.312, 0.0, 0.5, 0.0, 0.0, 0.5, 0.0, 0.0, 0.0
344, Dana Barros, 1610612738, BOS, 31.0, 8.7, 13.9, 0.625, 1.1, 3.2, 0.335, 0.9, 3.1, 0.276, 2.1, 5.0, 0.422, 1.4, 4.2, 0.331, 0.8, 2.4, 0.33, 0.2, 0.4, 0.5, 0.0, 0.6, 0.0, 0.0, 0.0
198, Danny Ferry, 1610612739, CLE, 31.0, 4.7, 8.2, 0.571, 1.0, 2.9, 0.359, 1.1, 3.2, 0.338, 1.9, 4.3, 0.432, 1.1, 3.1, 0.35, 0.8, 2.4, 0.317, 0.0, 0.0, 0.0, 0.0, 0.7, 0.0, 0.0, 0.0
1504, Danny Fortson, 1610612743, DEN, 22.0, 8.2, 12.7, 0.646, 1.2, 3.5, 0.346, 1.4, 3.9, 0.346, 3.1, 7.5, 0.407, 2.3, 5.2, 0.434, 1.2, 3.3, 0.377, 0.0, 0.3, 0.0, 0.0, 0.5, 0.0, 0.0, 0.0
330, Danny Manning, 1610612756, PHX, 32.0, 7.4, 13.3, 0.554, 1.8, 5.1, 0.352, 2.1, 5.7, 0.368, 3.0, 7.9, 0.385, 2.5, 6.6, 0.379, 0.9, 2.8, 0.332, 0.1, 0.6, 0.2, 0.1, 0.8, 0.167, 0.0, 0.0
353, Darrell Armstrong, 1610612753, ORL, 30.0, 8.8, 15.3, 0.575, 1.6, 4.4, 0.36, 2.0, 4.8, 0.426, 3.1, 7.5, 0.412, 2.4, 5.6, 0.431, 0.6, 2.5, 0.245, 0.3, 0.7, 0.5, 0.0, 0.4, 0.0, 0.0, 0.0
239, Darrick Martin, 1610612746, LAC, 27.0, 10.9, 18.2, 0.601, 2.5, 6.6, 0.374, 2.5, 5.8, 0.425, 3.2, 8.2, 0.39, 2.4, 5.9, 0.4, 1.1, 3.2, 0.339, 0.1, 0.2, 0.333, 0.0, 0.3, 0.0, 0.0, 0.0
1032, Darvin Ham, 1610612764, WAS, 24.0, 3.2, 5.6, 0.559, 0.6, 1.8, 0.313, 0.8, 2.5, 0.308, 1.2, 3.3, 0.358, 0.9, 2.4, 0.391, 0.4, 1.6, 0.256, 0.0, 0.7, 0.0, 0.0, 0.3, 0.0, 0.0, 0.0
128, David Benoit, 1610612753, ORL, 30.0, 5.4, 9.0, 0.595, 0.7, 2.0, 0.353, 0.9, 2.4, 0.36, 1.9, 4.6, 0.417, 1.4, 4.0, 0.346, 0.5, 1.7, 0.313, 0.0, 0.0, 0.0, 0.0, 0.4, 0.0, 0.0, 0.0
764, David Robinson, 1610612759, SAS, 32.0, 8.5, 16.9, 0.5, 2.5, 7.4, 0.33, 3.4, 8.8, 0.384, 5.0, 12.4, 0.404, 2.7, 7.9, 0.347, 1.2, 3.9, 0.31, 0.0, 0.7, 0.0, None, None, None, 0.0, 0.0
710, David Vaughn, 1610612751, NJN, 25.0, 4.1, 6.8, 0.597, 1.0, 3.0, 0.32, 0.6, 2.6, 0.237, 1.7, 4.3, 0.404, 1.7, 3.9, 0.43, 0.6, 1.5, 0.4, 0.5, 1.0, 0.5, 0.0, 1.0, 0.0, 0.0, 0.0
133, David Wesley, 1610612766, CHH, 27.0, 12.3, 20.1, 0.61, 3.0, 7.0, 0.431, 2.9, 7.9, 0.365, 3.8, 9.8, 0.388, 3.6, 8.7, 0.413, 1.2, 4.1, 0.302, 0.2, 0.6, 0.333, 0.2, 0.7, 0.25, 0.1, 0.1
766, David Wingate, 1610612760, SEA, 34.0, 3.2, 5.6, 0.575, 0.8, 2.0, 0.398, 0.7, 2.0, 0.36, 1.5, 4.2, 0.347, 0.8, 2.6, 0.312, 0.6, 1.8, 0.344, 0.0, 0.8, 0.0, 0.0, 1.0, 0.0, 0.0, 0.0
1545, DeJuan Wheat, 1610612750, MIN, 24.0, 1.7, 2.7, 0.613, 0.4, 1.3, 0.286, 0.6, 1.7, 0.353, 1.0, 2.4, 0.404, 0.6, 1.4, 0.394, 0.6, 1.9, 0.308, 1.0, 1.0, 1.0, None, None, None, 0.0, 0.0
1051, Dean Garrett, 1610612743, DEN, 31.0, 12.1, 18.6, 0.652, 2.0, 5.5, 0.374, 2.0, 5.6, 0.36, 4.5, 10.9, 0.411, 3.2, 7.5, 0.432, 1.6, 4.7, 0.34, 0.1, 0.5, 0.25, 0.0, 0.5, 0.0, 0.1, 0.111
244, Dee Brown, 1610612761, TOR, 29.0, 9.8, 16.5, 0.595, 1.3, 3.9, 0.336, 1.7, 4.3, 0.387, 2.9, 6.7, 0.429, 2.2, 5.6, 0.387, 1.0, 2.4, 0.409, 0.1, 0.6, 0.2, 0.0, 0.3, 0.0, 0.0, 0.083
209, Dell Curry, 1610612766, CHH, 34.0, 6.3, 10.2, 0.616, 1.5, 3.9, 0.386, 1.6, 3.9, 0.405, 2.0, 5.2, 0.384, 1.8, 4.6, 0.392, 0.7, 2.4, 0.283, 0.0, 0.4, 0.0, None, None, None, 0.0, 0.0
23, Dennis Rodman, 1610612741, CHI, 37.0, 12.1, 20.5, 0.587, 2.1, 5.3, 0.392, 2.5, 7.2, 0.342, 4.3, 11.6, 0.368, 3.3, 9.0, 0.373, 1.4, 4.3, 0.319, 0.1, 0.6, 0.25, 0.2, 0.6, 0.333, 0.0, 0.0
192, Dennis Scott, 1610612756, PHX, 29.0, 9.8, 17.0, 0.575, 2.1, 5.3, 0.385, 2.2, 5.4, 0.405, 3.8, 9.9, 0.389, 2.5, 6.3, 0.39, 1.1, 3.7, 0.299, 0.0, 0.6, 0.0, 0.2, 0.8, 0.2, 0.1, 0.125
1507, Derek Anderson, 1610612739, CLE, 23.0, 8.8, 15.5, 0.566, 1.5, 5.0, 0.298, 1.9, 5.7, 0.338, 3.0, 7.5, 0.398, 2.1, 5.5, 0.376, 1.2, 3.6, 0.332, 0.0, 0.0, 0.0, 0.1, 0.6, 0.25, 0.0, 0.0
965, Derek Fisher, 1610612747, LAL, 23.0, 7.0, 11.7, 0.595, 1.8, 5.2, 0.343, 2.2, 5.8, 0.382, 2.7, 7.0, 0.392, 1.5, 3.7, 0.405, 1.3, 3.4, 0.372, 0.0, 0.5, 0.0, 0.0, 0.3, 0.0, 0.1, 0.2
1575, Derek Grimm, 1610612758, SAC, 23.0, 1.9, 3.0, 0.63, 0.0, 1.0, 0.0, 0.4, 1.1, 0.375, 0.7, 2.0, 0.333, 0.6, 0.9, 0.714, 0.7, 0.7, 1.0, None, None, None, None, None, None, None, None
157, Derek Harper, 1610612753, ORL, 36.0, 9.8, 17.2, 0.573, 1.6, 4.3, 0.379, 1.9, 5.1, 0.371, 3.1, 7.9, 0.388, 2.4, 6.5, 0.374, 0.8, 2.8, 0.288, 0.3, 0.3, 1.0, 0.0, 0.0, 0.0, 0.0, 0.0
400, Derek Strong, 1610612753, ORL, 30.0, 10.1, 17.1, 0.59, 1.9, 5.3, 0.362, 2.1, 5.4, 0.383, 3.4, 8.6, 0.394, 2.6, 7.2, 0.37, 0.7, 2.8, 0.255, 0.0, 0.0, 0.0, 0.0, 0.4, 0.0, 0.0, 0.0
934, Derrick Coleman, 1610612755, PHI, 31.0, 12.3, 20.9, 0.586, 2.7, 7.6, 0.357, 3.1, 9.0, 0.343, 3.8, 9.7, 0.39, 2.7, 5.8, 0.462, 2.3, 6.7, 0.345, 0.1, 1.0, 0.143, 0.0, 0.5, 0.0, 0.0, 0.0
365, Derrick McKey, 1610612754, IND, 31.0, 6.1, 11.1, 0.552, 1.9, 5.6, 0.34, 1.6, 4.9, 0.337, 2.9, 6.8, 0.42, 1.7, 4.2, 0.408, 0.8, 2.5, 0.329, 0.0, 0.6, 0.0, 0.0, 0.6, 0.0, 0.0, 0.0
96, Detlef Schrempf, 1610612760, SEA, 35.0, 12.1, 21.1, 0.576, 2.3, 5.6, 0.411, 2.4, 6.3, 0.376, 4.6, 11.5, 0.397, 3.1, 8.3, 0.373, 1.6, 5.4, 0.297, 0.0, 0.7, 0.0, 0.0, 1.2, 0.0, 0.0, 0.0
54, Dickey Simpkins, 1610612741, CHI, 26.0, 3.6, 6.1, 0.586, 0.6, 2.2, 0.288, 0.8, 2.5, 0.301, 1.7, 4.0, 0.429, 1.2, 3.1, 0.396, 0.4, 1.2, 0.333, 0.0, 0.0, 0.0, 0.0, 1.0, 0.0, 0.0, 0.0
87, Dikembe Mutombo, 1610612737, ATL, 32.0, 9.8, 19.0, 0.514, 2.5, 6.5, 0.38, 4.4, 11.0, 0.396, 4.7, 11.4, 0.414, 2.5, 6.5, 0.374, 1.6, 4.8, 0.326, 0.0, 0.3, 0.0, 0.2, 0.5, 0.333, 0.1, 0.125
931, Don MacLean, 1610612751, NJN, 28.0, 1.8, 2.2, 0.8, 0.0, 0.8, 0.0, 0.5, 1.5, 0.333, 1.0, 2.5, 0.4, 1.3, 1.9, 0.667, 0.0, 0.7, 0.0, 1.0, 1.0, 1.0, None, None, None, 0.0, 0.0
690, Don Reid, 1610612765, DET, 24.0, 4.1, 7.2, 0.569, 1.3, 3.2, 0.422, 1.5, 3.9, 0.38, 2.4, 5.6, 0.434, 1.3, 3.0, 0.433, 0.7, 2.2, 0.339, 0.2, 0.8, 0.25, 0.0, 1.0, 0.0, 0.3, 0.333
140, Donald Royal, 1610612766, CHH, 32.0, 4.0, 6.3, 0.633, 1.1, 2.4, 0.469, 0.9, 2.2, 0.4, 1.5, 3.5, 0.426, 0.8, 2.7, 0.288, 0.4, 1.6, 0.257, 1.0, 1.0, 1.0, 0.0, 0.5, 0.0, 0.0, 0.0
1126, Donald Whiteside, 1610612737, ATL, 29.0, 3.3, 4.7, 0.714, 0.7, 0.7, 1.0, 1.0, 2.0, 0.5, 0.0, 4.0, 0.0, 1.0, 1.7, 0.6, 0.5, 0.5, 1.0, None, None, None, None, None, None, None, None
963, Dontae' Jones, 1610612738, BOS, 23.0, 2.2, 3.4, 0.647, 0.5, 1.5, 0.353, 0.5, 0.9, 0.6, 0.8, 1.9, 0.4, 0.7, 2.0, 0.333, 0.3, 1.2, 0.25, 0.3, 0.7, 0.5, None, None, None, 0.0, 0.0
112, Dontonio Wingfield, 1610612757, POR, 24.0, 0.3, 1.0, 0.333, 0.0, 1.0, 0.0, 0.0, 0.5, 0.0, 1.5, 2.0, 0.75, 1.0, 1.0, 1.0, 0.0, 1.0, 0.0, None, None, None, None, None, None, None, None
923, Donyell Marshall, 1610612744, GSW, 25.0, 12.2, 21.2, 0.578, 2.7, 8.5, 0.318, 2.4, 7.3, 0.326, 5.5, 13.0, 0.423, 3.1, 7.4, 0.415, 1.3, 4.2, 0.324, 0.0, 0.3, 0.0, 0.0, 0.4, 0.0, 0.0, 0.0
57, Doug Christie, 1610612761, TOR, 28.0, 15.9, 26.4, 0.604, 2.4, 6.9, 0.355, 2.5, 6.9, 0.36, 4.4, 10.8, 0.41, 4.4, 10.1, 0.436, 1.2, 3.4, 0.365, 0.2, 0.8, 0.25, 0.0, 0.0, 0.0, 0.1, 0.091
77, Doug Overton, 1610612755, PHI, 28.0, 3.6, 5.9, 0.603, 0.8, 2.1, 0.366, 1.2, 3.2, 0.37, 1.6, 3.9, 0.404, 0.6, 1.7, 0.375, 1.1, 3.1, 0.345, 0.0, 0.0, 0.0, 0.3, 1.0, 0.333, 0.0, 0.0
28, Doug West, 1610612750, MIN, 31.0, 6.1, 10.4, 0.582, 1.5, 3.9, 0.377, 1.2, 3.3, 0.355, 2.2, 6.2, 0.35, 1.8, 5.5, 0.332, 0.8, 2.5, 0.296, None, None, None, 0.0, 0.0, 0.0, 0.0, 0.0
1003, Drew Barry, 1610612737, ATL, 25.0, 3.4, 6.5, 0.523, 0.6, 2.1, 0.286, 1.0, 2.7, 0.355, 1.0, 3.0, 0.316, 0.8, 1.6, 0.5, 0.7, 1.6, 0.472, 0.0, 1.5, 0.0, None, None, None, 0.0, 0.0
190, Duane Causwell, 1610612748, MIA, 30.0, 3.0, 5.6, 0.536, 0.7, 2.2, 0.317, 0.7, 2.0, 0.365, 1.3, 3.5, 0.357, 0.9, 2.3, 0.373, 0.3, 1.0, 0.333, 0.0, 0.3, 0.0, 0.0, 1.0, 0.0, 0.3, 0.5
273, Duane Ferrell, 1610612744, GSW, 33.0, 3.6, 5.8, 0.63, 1.2, 3.1, 0.402, 1.0, 2.4, 0.404, 1.2, 3.2, 0.379, 0.8, 2.2, 0.368, 0.6, 1.5, 0.4, 0.0, 1.0, 0.0, 0.0, 0.8, 0.0, 0.0, 0.0
1516, Ed Gray, 1610612737, ATL, 22.0, 5.8, 10.2, 0.567, 1.3, 3.1, 0.424, 2.1, 5.0, 0.413, 2.1, 4.7, 0.444, 0.9, 2.5, 0.347, 0.9, 2.0, 0.429, 0.0, 0.5, 0.0, 0.3, 0.3, 1.0, 0.0, 0.0
1055, Ed Stokes, 1610612761, TOR, 26.0, 3.8, 5.5, 0.682, 0.5, 3.0, 0.167, 0.0, 0.0, 0.0, 0.0, 0.5, 0.0, 0.0, 1.0, 0.0, None, None, None, None, None, None, None, None, None, None, None
698, Eddie Johnson, 1610612745, HOU, 39.0, 7.1, 11.5, 0.62, 1.5, 3.7, 0.406, 1.4, 3.6, 0.396, 2.9, 7.1, 0.402, 2.3, 5.6, 0.408, 0.8, 2.2, 0.385, 0.0, 0.3, 0.0, 0.2, 0.7, 0.25, 0.0, 0.0
224, Eddie Jones, 1610612747, LAL, 26.0, 11.8, 19.9, 0.591, 2.8, 8.6, 0.326, 3.5, 9.2, 0.378, 4.6, 11.6, 0.391, 2.7, 6.9, 0.384, 1.8, 5.1, 0.35, 0.1, 0.6, 0.25, 0.1, 0.4, 0.333, 0.0, 0.0
922, Elden Campbell, 1610612747, LAL, 29.0, 7.2, 11.8, 0.613, 1.7, 5.0, 0.332, 2.0, 5.3, 0.379, 2.8, 7.0, 0.406, 1.8, 4.5, 0.402, 1.3, 3.5, 0.371, 0.1, 0.7, 0.2, 0.1, 0.3, 0.333, 0.1, 0.214
695, Eldridge Recasner, 1610612737, ATL, 30.0, 8.8, 15.6, 0.564, 1.5, 4.3, 0.356, 2.5, 6.6, 0.373, 2.9, 7.2, 0.406, 2.0, 4.5, 0.433, 1.2, 3.2, 0.38, 0.0, 0.3, 0.0, 0.0, 0.4, 0.0, 0.0, 0.0
386, Elliot Perry, 1610612749, MIL, 29.0, 8.2, 13.2, 0.623, 1.7, 4.3, 0.404, 1.9, 5.1, 0.37, 2.3, 6.1, 0.384, 1.3, 3.3, 0.38, 0.9, 2.8, 0.321, 0.1, 0.9, 0.143, 0.0, 0.5, 0.0, 0.0, 0.0
1023, Emanual Davis, 1610612745, HOU, 29.0, 4.6, 7.9, 0.58, 1.2, 2.8, 0.427, 1.0, 2.4, 0.422, 1.8, 4.2, 0.429, 1.7, 4.0, 0.415, 0.8, 1.9, 0.418, 0.0, 0.5, 0.0, 0.0, 0.0, 0.0, 0.0, 0.0
376, Eric Montross, 1610612765, DET, 26.0, 4.7, 7.6, 0.62, 0.8, 2.4, 0.351, 1.5, 3.6, 0.412, 2.3, 5.2, 0.444, 1.4, 3.4, 0.412, 1.0, 2.6, 0.362, None, None, None, 0.0, 1.0, 0.0, None, None
785, Eric Murdock, 1610612748, MIA, 30.0, 4.9, 8.4, 0.583, 1.0, 3.1, 0.32, 1.5, 3.8, 0.38, 1.7, 4.7, 0.358, 1.4, 3.8, 0.371, 0.6, 2.0, 0.313, 0.0, 0.6, 0.0, 0.2, 0.8, 0.25, 0.1, 0.111
15, Eric Piatkowski, 1610612746, LAC, 27.0, 10.1, 17.5, 0.58, 2.3, 6.0, 0.379, 2.3, 5.3, 0.443, 3.0, 7.2, 0.42, 2.2, 5.4, 0.413, 1.2, 3.2, 0.366, 0.0, 0.2, 0.0, 0.0, 0.3, 0.0, 0.0, 0.0
35, Eric Riley, 1610612742, DAL, 28.0, 5.7, 9.1, 0.633, 0.8, 2.6, 0.311, 0.9, 2.7, 0.337, 2.0, 4.9, 0.416, 1.0, 2.7, 0.375, 0.7, 1.9, 0.339, 0.0, 1.0, 0.0, 0.0, 0.0, 0.0, 0.2, 0.2
727, Eric Snow, 1610612755, PHI, 25.0, 3.8, 6.7, 0.571, 1.3, 3.2, 0.397, 1.4, 3.5, 0.393, 1.8, 4.6, 0.399, 1.2, 3.1, 0.402, 0.9, 2.6, 0.329, 0.2, 1.0, 0.167, 0.0, 0.5, 0.0, 0.0, 0.0
1540, Eric Washington, 1610612743, DEN, 24.0, 8.6, 13.4, 0.64, 1.5, 4.2, 0.359, 1.5, 4.3, 0.348, 3.1, 8.1, 0.38, 2.3, 5.1, 0.455, 1.6, 3.8, 0.414, 0.0, 0.3, 0.0, 0.0, 0.6, 0.0, 0.0, 0.0
677, Eric Williams, 1610612743, DEN, 25.0, 15.3, 24.5, 0.622, 2.8, 4.0, 0.688, 2.8, 5.0, 0.55, 6.8, 16.0, 0.422, 1.3, 5.0, 0.25, 1.8, 3.0, 0.583, 0.5, 1.0, 0.5, 0.0, 1.0, 0.0, None, None
956, Erick Dampier, 1610612744, GSW, 22.0, 11.3, 19.5, 0.58, 2.6, 7.7, 0.334, 2.4, 6.9, 0.35, 4.6, 11.0, 0.417, 2.7, 6.7, 0.399, 1.4, 3.8, 0.366, 0.0, 0.7, 0.0, 0.0, 0.5, 0.0, 0.0, 0.0
1065, Erick Strickland, 1610612742, DAL, 24.0, 8.6, 14.4, 0.597, 1.5, 3.8, 0.388, 1.9, 4.3, 0.438, 3.2, 7.7, 0.412, 2.0, 5.1, 0.383, 0.9, 3.1, 0.296, 0.0, 0.7, 0.0, 0.0, 0.8, 0.0, 0.0, 0.0
911, Ervin Johnson, 1610612749, MIL, 30.0, 10.6, 17.4, 0.611, 2.0, 5.7, 0.359, 2.3, 6.0, 0.389, 3.2, 8.1, 0.393, 1.6, 4.2, 0.379, 1.2, 3.5, 0.337, 0.0, 0.8, 0.0, 0.0, 0.3, 0.0, 0.0, 0.0
1564, Etdrick Bohannon, 1610612754, IND, 25.0, 0.8, 1.6, 0.5, 0.0, 0.3, 0.0, 0.3, 1.5, 0.167, 0.2, 0.8, 0.25, 0.0, 1.0, 0.0, None, None, None, None, None, None, None, None, None, None, None
280, Felton Spencer, 1610612744, GSW, 30.0, 3.9, 6.3, 0.616, 0.8, 2.8, 0.285, 0.7, 2.6, 0.284, 1.8, 4.7, 0.386, 1.2, 2.4, 0.497, 0.5, 1.8, 0.309, 0.0, 0.0, 0.0, 0.0, 0.2, 0.0, 0.0, 0.0
697, Fred Hoiberg, 1610612754, IND, 25.0, 3.6, 6.5, 0.555, 1.3, 3.8, 0.342, 1.1, 3.4, 0.324, 1.6, 4.1, 0.381, 1.0, 2.6, 0.389, 0.4, 1.5, 0.268, 0.3, 1.0, 0.25, 0.0, 0.3, 0.0, 0.0, 0.0
202, Gary Grant, 1610612757, POR, 33.0, 4.5, 8.6, 0.524, 1.0, 2.5, 0.375, 0.7, 2.9, 0.254, 2.0, 4.9, 0.402, 2.0, 5.5, 0.355, 0.8, 1.9, 0.406, 0.0, 0.0, 0.0, 0.0, 1.0, 0.0, 0.0, 0.0
56, Gary Payton, 1610612760, SEA, 29.0, 13.0, 22.5, 0.575, 2.2, 5.8, 0.383, 2.4, 6.8, 0.355, 4.9, 12.4, 0.397, 3.6, 9.0, 0.396, 1.9, 6.0, 0.311, 0.0, 0.8, 0.0, 0.1, 1.0, 0.091, 0.0, 0.0
718, Gary Trent, 1610612761, TOR, 23.0, 8.9, 15.9, 0.562, 1.8, 4.8, 0.389, 1.8, 4.9, 0.357, 3.1, 7.3, 0.431, 2.8, 8.1, 0.351, 0.9, 1.9, 0.469, 0.0, 0.6, 0.0, 0.3, 0.7, 0.5, 0.0, 0.0
248, George Lynch, 1610612763, VAN, 27.0, 6.0, 10.1, 0.6, 1.2, 3.2, 0.367, 1.2, 3.3, 0.37, 2.7, 6.7, 0.401, 1.5, 3.8, 0.403, 1.1, 3.0, 0.369, 0.0, 0.6, 0.0, 0.0, 0.0, 0.0, 0.0, 0.0
45, George McCloud, 1610612756, PHX, 31.0, 6.6, 11.5, 0.575, 1.4, 4.1, 0.35, 1.5, 4.1, 0.369, 1.9, 5.5, 0.354, 1.8, 4.6, 0.384, 0.9, 2.3, 0.369, 0.0, 0.8, 0.0, 0.0, 0.4, 0.0, 0.0, 0.0
678, George Zidek, 1610612760, SEA, 24.0, 2.3, 4.3, 0.519, 0.6, 1.0, 0.6, 0.2, 1.1, 0.2, 0.2, 1.2, 0.182, 0.6, 1.4, 0.412, 0.4, 1.3, 0.333, 0.0, 0.0, 0.0, None, None, None, 0.0, 0.0
1666, Gerald Madkins, 1610612744, GSW, 29.0, 3.6, 6.1, 0.6, 0.9, 3.2, 0.276, 1.1, 2.6, 0.408, 1.5, 4.1, 0.359, 1.1, 3.1, 0.34, 0.9, 1.9, 0.5, None, None, None, 0.0, 0.0, 0.0, 0.0, 0.0
786, Gerald Wilkins, 1610612753, ORL, 34.0, 6.4, 11.1, 0.579, 1.3, 3.2, 0.399, 1.3, 3.2, 0.399, 2.2, 5.2, 0.411, 1.5, 3.7, 0.398, 0.6, 2.0, 0.32, 0.0, 0.3, 0.0, 0.0, 0.3, 0.0, 0.0, 0.0
779, Glen Rice, 1610612766, CHH, 31.0, 13.9, 22.7, 0.611, 3.5, 8.2, 0.425, 3.1, 8.7, 0.36, 4.4, 11.0, 0.398, 4.1, 10.0, 0.412, 1.4, 4.3, 0.315, 0.1, 0.5, 0.25, 0.1, 0.7, 0.2, 0.1, 0.1
299, Glenn Robinson, 1610612749, MIL, 25.0, 14.5, 23.6, 0.614, 2.7, 7.7, 0.349, 3.8, 9.9, 0.389, 4.4, 12.4, 0.354, 2.2, 5.6, 0.39, 1.7, 5.3, 0.316, 0.2, 1.0, 0.2, 0.0, 0.5, 0.0, 0.0, 0.0
1539, God Shammgod, 1610612764, WAS, 22.0, 2.8, 4.7, 0.602, 0.8, 2.3, 0.343, 0.6, 2.5, 0.257, 0.9, 2.1, 0.448, 0.9, 1.9, 0.448, 0.5, 1.8, 0.25, 0.0, 0.7, 0.0, 0.0, 0.0, 0.0, 0.0, 0.0
255, Grant Hill, 1610612765, DET, 25.0, 11.5, 19.9, 0.58, 2.6, 6.4, 0.409, 3.9, 10.0, 0.384, 6.1, 14.7, 0.413, 2.8, 7.0, 0.397, 2.1, 6.5, 0.323, 0.1, 0.7, 0.111, 0.0, 1.0, 0.0, 0.1, 0.083
3, Grant Long, 1610612765, DET, 32.0, 5.1, 8.4, 0.612, 1.1, 2.8, 0.382, 1.7, 4.4, 0.389, 3.0, 7.5, 0.396, 1.1, 3.4, 0.325, 1.5, 3.7, 0.404, 0.2, 0.3, 0.5, 0.0, 0.7, 0.0, None, None
246, Greg Anderson, 1610612737, ATL, 34.0, 3.1, 5.3, 0.577, 0.8, 1.5, 0.493, 0.9, 2.2, 0.394, 1.2, 2.6, 0.455, 0.6, 1.6, 0.392, 0.5, 1.4, 0.382, 0.0, 0.5, 0.0, 0.0, 0.5, 0.0, 0.0, 0.0
21, Greg Anthony, 1610612760, SEA, 30.0, 5.0, 8.2, 0.61, 0.9, 2.3, 0.385, 0.7, 2.0, 0.354, 1.4, 3.8, 0.364, 1.0, 3.1, 0.322, 0.8, 2.6, 0.31, 0.0, 0.5, 0.0, 1.0, 1.0, 1.0, 0.0, 0.0
323, Greg Foster, 1610612762, UTA, 29.0, 5.9, 10.0, 0.589, 1.3, 3.4, 0.395, 1.4, 3.6, 0.381, 2.1, 5.5, 0.383, 2.7, 6.2, 0.44, 0.8, 2.1, 0.393, None, None, None, 0.0, 0.0, 0.0, 0.0, 0.0
37, Greg Graham, 1610612739, CLE, 27.0, 5.5, 7.5, 0.733, 0.5, 2.5, 0.2, 0.8, 1.8, 0.444, 0.8, 2.6, 0.308, 0.2, 1.8, 0.111, 0.7, 1.7, 0.4, None, None, None, 0.0, 0.0, 0.0, 0.0, 0.0
65, Greg Minor, 1610612738, BOS, 26.0, 6.9, 10.6, 0.653, 0.9, 2.9, 0.309, 0.9, 2.9, 0.326, 1.6, 4.0, 0.403, 1.0, 3.1, 0.327, 0.6, 1.8, 0.322, 0.1, 0.6, 0.25, 0.0, 1.0, 0.0, 0.0, 0.0
731, Greg Ostertag, 1610612762, UTA, 25.0, 5.3, 10.1, 0.523, 1.6, 4.4, 0.357, 1.3, 3.6, 0.346, 2.5, 6.5, 0.387, 3.0, 7.5, 0.405, 0.7, 1.8, 0.363, 0.0, 0.8, 0.0, 0.0, 0.6, 0.0, 0.1, 0.083
165, Hakeem Olajuwon, 1610612745, HOU, 35.0, 10.2, 18.7, 0.543, 2.8, 7.6, 0.371, 2.6, 6.8, 0.386, 5.7, 14.0, 0.405, 4.2, 10.3, 0.407, 1.0, 3.2, 0.301, 0.0, 0.0, 0.0, None, None, None, 0.0, 0.0
1677, Harold Ellis, 1610612743, DEN, 27.0, 5.4, 7.7, 0.694, 0.9, 2.1, 0.435, 0.6, 2.2, 0.288, 1.6, 3.7, 0.424, 0.8, 2.5, 0.322, 0.6, 2.0, 0.277, 0.0, 0.0, 0.0, 0.0, 0.0, 0.0, 0.0, 0.0
265, Harvey Grant, 1610612764, WAS, 32.0, 5.2, 9.4, 0.559, 0.7, 2.2, 0.317, 1.1, 3.3, 0.321, 2.0, 4.9, 0.405, 1.2, 3.2, 0.39, 0.5, 1.8, 0.283, 0.0, 0.0, 0.0, 0.0, 0.7, 0.0, 0.0, 0.0
1080, Henry James, 1610612739, CLE, 32.0, 1.9, 3.3, 0.576, 0.4, 1.3, 0.292, 0.8, 2.4, 0.351, 0.9, 1.8, 0.524, 0.6, 1.5, 0.414, 0.4, 1.1, 0.4, None, None, None, 0.0, 0.0, 0.0, None, None
1006, Herb Williams, 1610612752, NYK, 40.0, 2.0, 3.5, 0.579, 0.6, 1.8, 0.303, 0.4, 1.8, 0.211, 0.7, 1.6, 0.405, 0.6, 1.6, 0.387, 0.4, 1.2, 0.316, 0.0, 0.0, 0.0, None, None, None, 0.0, 0.0
765, Hersey Hawkins, 1610612760, SEA, 31.0, 11.3, 19.7, 0.573, 1.9, 4.9, 0.388, 2.1, 5.8, 0.368, 4.1, 10.2, 0.401, 2.9, 7.6, 0.385, 1.5, 5.1, 0.295, 0.0, 0.7, 0.0, 0.0, 0.8, 0.0, 0.0, 0.0
270, Horace Grant, 1610612753, ORL, 32.0, 13.0, 23.3, 0.555, 2.6, 6.4, 0.406, 2.6, 7.1, 0.374, 4.6, 11.5, 0.405, 3.3, 8.5, 0.387, 1.0, 3.6, 0.275, 0.1, 0.6, 0.25, 0.0, 0.0, 0.0, 0.0, 0.0
1024, Horacio Llamas, 1610612756, PHX, 24.0, 1.4, 3.9, 0.355, 1.0, 3.2, 0.316, 0.0, 0.7, 0.0, 0.6, 1.6, 0.364, 0.6, 1.8, 0.357, 0.0, 2.0, 0.0, None, None, None, None, None, None, None, None
73, Hot Rod Williams, 1610612756, PHX, 35.0, 5.6, 10.5, 0.539, 1.5, 4.8, 0.304, 1.7, 4.7, 0.369, 2.2, 5.6, 0.386, 1.9, 5.1, 0.379, 0.9, 2.3, 0.375, 0.0, 0.6, 0.0, 0.0, 0.4, 0.0, 0.1, 0.167
458, Howard Eisley, 1610612762, UTA, 25.0, 6.4, 11.4, 0.565, 1.6, 3.9, 0.396, 1.5, 4.0, 0.382, 2.4, 6.2, 0.38, 2.8, 6.8, 0.417, 0.8, 2.3, 0.338, 0.0, 0.9, 0.0, 0.0, 0.4, 0.0, 0.0, 0.0
93, Hubert Davis, 1610612742, DAL, 28.0, 11.2, 18.7, 0.6, 1.9, 4.8, 0.39, 2.4, 5.9, 0.41, 4.1, 10.5, 0.395, 2.6, 6.9, 0.372, 1.1, 3.6, 0.306, 0.0, 0.8, 0.0, 0.0, 0.9, 0.0, 0.0, 0.0
1134, Ike Austin, 1610612746, LAC, 28.0, 10.6, 17.5, 0.602, 2.6, 6.8, 0.387, 2.5, 6.8, 0.363, 3.0, 8.1, 0.369, 2.4, 5.9, 0.399, 1.1, 3.1, 0.36, 0.0, 0.4, 0.0, 0.0, 0.6, 0.0, 0.0, 0.0
375, Isaiah Rider, 1610612757, POR, 27.0, 11.8, 21.1, 0.561, 2.6, 6.7, 0.381, 2.1, 6.3, 0.336, 4.8, 11.9, 0.402, 4.8, 13.3, 0.362, 1.0, 3.0, 0.344, 0.1, 0.4, 0.25, 0.1, 0.7, 0.167, 0.0, 0.0
1096, Ivano Newbill, 1610612763, VAN, 27.0, 2.5, 4.2, 0.593, 0.9, 2.8, 0.329, 0.8, 1.8, 0.426, 1.3, 2.9, 0.447, 1.0, 2.3, 0.462, 0.8, 2.0, 0.381, None, None, None, 0.0, 0.0, 0.0, 0.0, 0.0
462, J.R. Reid, 1610612766, CHH, 30.0, 4.7, 7.6, 0.613, 1.1, 2.9, 0.374, 1.1, 3.0, 0.356, 1.5, 4.2, 0.366, 1.3, 3.6, 0.362, 0.5, 1.8, 0.266, 0.1, 0.4, 0.333, 0.0, 0.7, 0.0, 0.1, 0.111
917, Jack Haley, 1610612751, NJN, 34.0, 1.9, 2.1, 0.882, 0.3, 0.8, 0.333, 0.3, 1.3, 0.222, 0.6, 1.4, 0.421, 0.3, 1.3, 0.25, 0.2, 1.0, 0.167, None, None, None, 0.0, 0.0, 0.0, None, None
1521, Jacque Vaughn, 1610612762, UTA, 23.0, 3.0, 5.6, 0.536, 0.6, 2.6, 0.236, 0.7, 2.0, 0.373, 1.2, 3.6, 0.323, 1.6, 3.8, 0.404, 0.4, 1.3, 0.333, 0.0, 0.3, 0.0, 0.0, 0.0, 0.0, 0.2, 0.333
147, Jalen Rose, 1610612754, IND, 25.0, 5.9, 10.1, 0.583, 1.9, 5.2, 0.357, 1.6, 4.5, 0.358, 2.5, 6.1, 0.406, 1.4, 3.6, 0.391, 0.6, 2.3, 0.271, 0.0, 0.6, 0.0, 0.0, 0.6, 0.0, 0.0, 0.0
469, Jamal Mashburn, 1610612748, MIA, 25.0, 11.4, 20.4, 0.561, 3.2, 8.4, 0.378, 2.9, 8.3, 0.343, 3.8, 10.3, 0.364, 2.7, 7.0, 0.39, 1.4, 3.7, 0.375, 0.0, 0.8, 0.0, 0.0, 0.7, 0.0, 0.1, 0.2
1530, James Collins, 1610612746, LAC, 24.0, 2.0, 3.6, 0.566, 0.6, 1.6, 0.37, 0.5, 1.2, 0.429, 0.4, 1.6, 0.259, 0.8, 1.6, 0.519, 0.2, 0.6, 0.3, 0.0, 0.0, 0.0, None, None, None, 0.0, 0.0
1526, James Cotton, 1610612760, SEA, 22.0, 2.2, 3.0, 0.741, 1.8, 1.8, 1.0, 0.3, 0.8, 0.333, 0.8, 2.0, 0.417, 0.3, 1.5, 0.167, 0.2, 1.0, 0.2, None, None, None, None, None, None, None, None
381, James Robinson, 1610612746, LAC, 27.0, 7.1, 11.5, 0.621, 1.6, 4.2, 0.38, 1.7, 4.3, 0.398, 2.0, 5.0, 0.396, 1.7, 3.9, 0.436, 0.8, 2.2, 0.351, 0.0, 0.0, 0.0, 0.0, 0.2, 0.0, 0.0, 0.0
994, Jamie Feick, 1610612749, MIL, 23.0, 4.0, 6.4, 0.616, 0.8, 2.6, 0.299, 0.6, 1.8, 0.357, 1.1, 3.0, 0.362, 0.8, 2.3, 0.346, 0.6, 1.6, 0.407, 0.0, 1.0, 0.0, 0.0, 0.0, 0.0, 0.0, 0.0
1114, Jaren Jackson, 1610612759, SAS, 30.0, 7.4, 14.7, 0.502, 2.0, 5.8, 0.352, 2.2, 6.3, 0.352, 3.6, 9.0, 0.396, 2.2, 6.4, 0.338, 0.8, 3.0, 0.284, 0.1, 0.3, 0.333, 0.0, 1.0, 0.0, 0.0, 0.0
679, Jason Caffey, 1610612744, GSW, 25.0, 6.0, 10.0, 0.599, 1.3, 3.4, 0.368, 1.3, 4.0, 0.321, 2.1, 5.9, 0.358, 1.4, 4.1, 0.351, 0.9, 2.4, 0.376, 0.0, 0.5, 0.0, 0.2, 0.5, 0.333, 0.0, 0.0
467, Jason Kidd, 1610612756, PHX, 25.0, 13.2, 22.3, 0.592, 2.7, 8.0, 0.336, 3.1, 8.4, 0.375, 4.3, 11.1, 0.385, 3.7, 9.5, 0.393, 1.3, 3.8, 0.353, 0.0, 0.8, 0.0, 0.1, 0.7, 0.2, 0.0, 0.083
1535, Jason Lawson, 1610612753, ORL, 23.0, 1.9, 2.8, 0.667, 0.4, 0.8, 0.5, 0.3, 0.7, 0.429, 0.8, 1.4, 0.522, 0.4, 1.2, 0.313, 0.3, 0.7, 0.4, None, None, None, 0.0, 0.5, 0.0, None, None
420, Jayson Williams, 1610612751, NJN, 30.0, 14.6, 23.7, 0.614, 1.9, 5.6, 0.335, 2.3, 6.2, 0.37, 3.9, 10.6, 0.367, 3.1, 8.4, 0.369, 1.3, 3.8, 0.347, 0.3, 0.3, 1.0, 0.0, 0.5, 0.0, 0.0, 0.0
81, Jeff Grayer, 1610612744, GSW, 32.0, 2.0, 2.6, 0.769, 0.8, 2.8, 0.273, 0.5, 3.0, 0.167, 0.3, 2.8, 0.091, 0.6, 2.6, 0.231, 0.5, 0.5, 1.0, None, None, None, None, None, None, None, None
204, Jeff Hornacek, 1610612762, UTA, 35.0, 9.4, 16.3, 0.577, 2.2, 5.9, 0.377, 2.3, 6.0, 0.384, 3.6, 9.2, 0.394, 4.1, 10.4, 0.393, 1.1, 3.0, 0.375, 0.0, 0.8, 0.0, 0.0, 0.4, 0.0, 0.1, 0.071
999, Jeff Nordgaard, 1610612749, MIL, 25.0, 1.6, 2.8, 0.583, 0.3, 0.8, 0.4, 0.8, 1.4, 0.545, 0.8, 1.6, 0.5, 0.4, 1.0, 0.375, 0.1, 0.6, 0.2, 0.0, 1.0, 0.0, None, None, None, 0.0, 0.0
1532, Jerald Honeycutt, 1610612749, MIL, 23.0, 5.5, 9.1, 0.602, 1.1, 3.3, 0.341, 1.1, 2.8, 0.372, 1.9, 4.5, 0.425, 1.1, 4.2, 0.265, 0.7, 2.1, 0.344, 0.0, 0.5, 0.0, None, None, None, 0.0, 0.0
979, Jermaine O'Neal, 1610612757, POR, 19.0, 4.0, 7.3, 0.548, 0.9, 2.6, 0.355, 0.7, 2.5, 0.266, 1.9, 4.6, 0.403, 1.9, 5.0, 0.374, 0.5, 1.5, 0.333, 0.2, 0.2, 1.0, 0.5, 1.0, 0.5, 0.0, 0.0
760, Jerome Kersey, 1610612760, SEA, 36.0, 6.4, 10.7, 0.596, 1.0, 3.0, 0.343, 1.1, 3.1, 0.358, 2.2, 5.7, 0.386, 1.6, 4.2, 0.375, 1.0, 3.3, 0.313, 0.0, 0.3, 0.0, 0.0, 1.2, 0.0, 0.0, 0.0
966, Jerome Williams, 1610612765, DET, 25.0, 5.0, 8.9, 0.564, 1.1, 2.7, 0.418, 1.8, 4.3, 0.408, 2.5, 6.5, 0.386, 1.5, 3.6, 0.405, 1.2, 3.6, 0.319, 0.0, 0.3, 0.0, 0.0, 0.7, 0.0, 0.1, 0.091
711, Jerry Stackhouse, 1610612765, DET, 23.0, 10.3, 17.4, 0.591, 1.9, 5.0, 0.372, 3.1, 8.0, 0.393, 4.7, 11.2, 0.416, 2.2, 5.5, 0.392, 1.9, 5.6, 0.34, 0.1, 0.6, 0.167, 0.2, 0.6, 0.333, 0.0, 0.0
754, Jim Jackson, 1610612744, GSW, 27.0, 13.9, 22.9, 0.605, 2.6, 7.7, 0.332, 3.5, 9.6, 0.37, 4.7, 11.6, 0.411, 2.8, 7.0, 0.403, 2.1, 6.0, 0.348, 0.1, 0.9, 0.125, 0.0, 0.3, 0.0, 0.0, 0.0
29, Jim McIlvaine, 1610612760, SEA, 25.0, 5.4, 9.6, 0.557, 1.0, 2.6, 0.395, 1.1, 3.0, 0.36, 2.4, 5.8, 0.417, 1.7, 4.1, 0.42, 0.8, 2.5, 0.32, 0.0, 0.0, 0.0, 0.0, 1.0, 0.0, None, None
1429, Jimmy Oliver, 1610612764, WAS, 28.0, 2.0, 5.0, 0.4, 0.0, 2.0, 0.0, 0.0, 1.0, 0.0, 2.0, 3.0, 0.667, 1.0, 2.0, 0.5, 0.0, 1.0, 0.0, None, None, None, None, None, None, None, None
247, Joe Dumars, 1610612765, DET, 35.0, 9.7, 16.4, 0.592, 2.2, 5.5, 0.41, 2.9, 7.5, 0.388, 4.9, 11.7, 0.417, 2.1, 5.6, 0.37, 2.0, 5.5, 0.357, 0.1, 0.6, 0.143, 0.0, 1.0, 0.0, 0.1, 0.1
170, Joe Kleine, 1610612741, CHI, 36.0, 3.0, 5.1, 0.588, 0.4, 1.5, 0.278, 1.0, 2.5, 0.386, 1.3, 3.4, 0.371, 0.6, 2.0, 0.325, 0.4, 1.5, 0.289, 0.3, 0.3, 1.0, 0.0, 0.5, 0.0, 0.0, 0.0
693, Joe Smith, 1610612755, PHI, 22.0, 10.0, 17.0, 0.587, 2.3, 6.5, 0.35, 2.1, 6.6, 0.323, 4.1, 9.6, 0.428, 2.3, 5.5, 0.421, 1.3, 4.0, 0.32, 0.0, 0.4, 0.0, 0.0, 0.7, 0.0, 0.0, 0.0
1086, Joe Stephens, 1610612745, HOU, 25.0, 2.9, 4.6, 0.625, 0.7, 1.3, 0.5, 0.3, 0.9, 0.333, 0.8, 1.3, 0.625, 0.4, 1.1, 0.375, 0.8, 1.0, 0.75, None, None, None, None, None, None, None, None
341, Joe Wolf, 1610612743, DEN, 33.0, 3.6, 5.5, 0.653, 0.8, 2.1, 0.354, 0.7, 2.5, 0.281, 1.5, 3.6, 0.403, 0.9, 2.5, 0.352, 0.8, 2.0, 0.402, 0.0, 0.2, 0.0, 0.0, 0.8, 0.0, 0.0, 0.0
180, John Crotty, 1610612757, POR, 28.0, 4.8, 8.8, 0.553, 1.3, 3.0, 0.443, 0.9, 2.8, 0.318, 1.9, 5.0, 0.375, 1.9, 4.9, 0.381, 0.7, 1.3, 0.55, 0.0, 0.0, 0.0, 0.0, 1.0, 0.0, 0.0, 0.0
317, John Starks, 1610612752, NYK, 32.0, 7.4, 12.5, 0.591, 1.6, 4.7, 0.349, 2.4, 6.6, 0.365, 2.7, 7.5, 0.358, 2.2, 5.5, 0.394, 1.0, 3.5, 0.283, 0.0, 0.5, 0.0, 0.0, 0.5, 0.0, 0.1, 0.222
304, John Stockton, 1610612762, UTA, 36.0, 8.3, 14.4, 0.576, 1.9, 5.0, 0.37, 1.9, 5.1, 0.369, 3.3, 8.5, 0.393, 4.1, 10.5, 0.389, 1.0, 2.8, 0.373, 0.0, 0.5, 0.0, 0.0, 0.8, 0.0, 0.0, 0.0
1519, John Thomas, 1610612761, TOR, 22.0, 4.1, 6.7, 0.615, 0.4, 1.6, 0.267, 0.6, 1.6, 0.357, 1.1, 2.8, 0.41, 0.9, 2.4, 0.365, 0.2, 1.0, 0.2, 0.5, 1.0, 0.5, None, None, None, 0.1, 0.167
961, John Wallace, 1610612761, TOR, 24.0, 12.6, 21.1, 0.597, 1.9, 5.2, 0.371, 1.8, 5.4, 0.335, 3.3, 8.0, 0.412, 3.3, 7.8, 0.423, 0.9, 2.7, 0.351, 0.2, 0.7, 0.286, 0.3, 0.5, 0.5, 0.1, 0.2
271, Johnny Newman, 1610612743, DEN, 34.0, 10.6, 16.9, 0.625, 1.8, 4.6, 0.387, 1.7, 5.3, 0.327, 3.7, 9.5, 0.389, 2.8, 6.7, 0.423, 1.4, 4.3, 0.337, 0.1, 0.5, 0.167, 0.0, 0.4, 0.0, 0.1, 0.1
1511, Johnny Taylor, 1610612753, ORL, 24.0, 3.4, 5.1, 0.672, 1.5, 2.6, 0.571, 0.4, 1.0, 0.375, 0.7, 2.4, 0.308, 0.9, 2.8, 0.321, 0.4, 0.8, 0.5, None, None, None, None, None, None, 0.0, 0.0
468, Jon Barry, 1610612747, LAL, 28.0, 2.9, 5.1, 0.572, 0.6, 2.2, 0.275, 0.9, 2.3, 0.417, 1.1, 3.0, 0.358, 0.6, 1.8, 0.351, 0.5, 1.5, 0.355, 0.3, 0.8, 0.333, None, None, None, 0.1, 0.25
146, Jud Buechler, 1610612741, CHI, 30.0, 3.0, 4.6, 0.64, 0.4, 1.6, 0.264, 0.6, 1.8, 0.328, 1.1, 3.2, 0.362, 0.8, 2.0, 0.391, 0.5, 1.5, 0.31, 0.3, 0.5, 0.5, 0.0, 0.6, 0.0, 0.0, 0.0
436, Juwan Howard, 1610612764, WAS, 25.0, 15.0, 25.8, 0.582, 2.7, 7.5, 0.362, 3.1, 8.1, 0.38, 4.5, 11.5, 0.388, 3.5, 8.0, 0.444, 1.7, 4.6, 0.371, 0.0, 0.4, 0.0, 0.0, 0.5, 0.0, 0.0, 0.0
252, Karl Malone, 1610612762, UTA, 34.0, 11.4, 19.9, 0.572, 2.6, 7.0, 0.371, 2.5, 6.9, 0.367, 4.2, 11.1, 0.378, 5.0, 12.6, 0.393, 1.3, 3.5, 0.375, 0.0, 0.7, 0.0, 0.0, 0.6, 0.0, 0.0, 0.067
1529, Kebu Stewart, 1610612755, PHI, 24.0, 2.2, 4.3, 0.516, 0.3, 1.1, 0.308, 0.7, 2.2, 0.321, 0.8, 2.4, 0.333, 0.5, 1.4, 0.333, 0.8, 1.9, 0.429, 0.0, 1.0, 0.0, None, None, None, 0.0, 0.0
173, Keith Askins, 1610612748, MIA, 30.0, 3.9, 7.0, 0.56, 1.0, 2.7, 0.366, 1.3, 3.9, 0.329, 1.8, 4.5, 0.396, 1.4, 3.7, 0.378, 0.5, 1.4, 0.327, 0.0, 0.3, 0.0, 0.0, 0.5, 0.0, 0.0, 0.0
1522, Keith Booth, 1610612741, CHI, 23.0, 1.5, 2.0, 0.75, 0.5, 0.5, 1.0, 0.3, 1.5, 0.167, 0.5, 0.8, 0.667, 0.3, 1.5, 0.167, 0.0, 0.7, 0.0, None, None, None, 0.0, 1.0, 0.0, None, None
1569, Keith Closs, 1610612746, LAC, 22.0, 5.7, 10.1, 0.571, 1.1, 2.9, 0.378, 1.2, 3.0, 0.395, 1.6, 3.7, 0.433, 1.0, 2.8, 0.369, 0.5, 1.5, 0.324, 0.0, 0.0, 0.0, 0.0, 0.1, 0.0, 0.0, 0.0
1496, Keith Van Horn, 1610612751, NJN, 22.0, 16.1, 25.9, 0.623, 1.9, 5.8, 0.332, 1.9, 5.7, 0.334, 4.3, 10.5, 0.41, 3.7, 9.6, 0.388, 1.3, 4.0, 0.331, 0.3, 0.3, 1.0, 0.0, 0.0, 0.0, 0.0, 0.0
1509, Kelvin Cato, 1610612757, POR, 23.0, 4.4, 8.2, 0.535, 1.1, 2.7, 0.387, 0.8, 2.4, 0.353, 1.6, 4.3, 0.36, 1.6, 4.8, 0.34, 0.5, 1.4, 0.375, 0.0, 0.3, 0.0, 0.0, 0.5, 0.0, 0.0, 0.0
383, Kendall Gill, 1610612751, NJN, 30.0, 13.9, 22.4, 0.62, 1.8, 5.1, 0.361, 1.9, 5.5, 0.351, 3.6, 9.2, 0.396, 3.1, 8.4, 0.376, 1.3, 3.7, 0.361, 0.3, 0.3, 1.0, 0.0, 0.4, 0.0, 0.0, 0.0
72, Kenny Anderson, 1610612738, BOS, 27.0, 10.5, 18.3, 0.576, 2.0, 5.4, 0.381, 1.8, 5.7, 0.322, 3.7, 9.2, 0.404, 3.2, 9.0, 0.357, 0.8, 2.8, 0.301, 0.0, 0.5, 0.0, 0.0, 0.5, 0.0, 0.0, 0.0
954, Kerry Kittles, 1610612751, NJN, 24.0, 15.4, 24.7, 0.623, 1.9, 5.7, 0.335, 1.9, 5.7, 0.34, 4.1, 10.2, 0.398, 3.5, 9.1, 0.383, 1.3, 3.9, 0.343, 0.3, 0.3, 1.0, 0.0, 0.2, 0.0, 0.0, 0.0
236, Kevin Edwards, 1610612753, ORL, 32.0, 4.8, 8.2, 0.588, 1.0, 2.2, 0.449, 0.9, 2.6, 0.348, 1.6, 3.8, 0.427, 1.1, 3.0, 0.348, 0.7, 1.6, 0.476, 0.0, 0.0, 0.0, 0.0, 0.7, 0.0, 0.0, 0.0
708, Kevin Garnett, 1610612750, MIN, 22.0, 14.2, 24.4, 0.582, 2.8, 7.3, 0.376, 2.7, 7.0, 0.391, 4.8, 13.0, 0.371, 4.5, 11.7, 0.382, 1.3, 3.9, 0.332, 0.0, 0.5, 0.0, 0.1, 0.6, 0.2, 0.0, 0.0
134, Kevin Johnson, 1610612756, PHX, 32.0, 8.6, 14.9, 0.579, 1.9, 5.9, 0.325, 2.2, 5.6, 0.391, 2.7, 7.4, 0.366, 2.9, 6.9, 0.425, 0.9, 2.8, 0.317, 0.3, 0.7, 0.5, 0.2, 1.0, 0.167, 0.0, 0.0
1563, Kevin Ollie, 1610612753, ORL, 25.0, 4.5, 7.5, 0.593, 0.8, 2.9, 0.292, 1.1, 3.0, 0.353, 1.5, 4.3, 0.35, 1.2, 2.9, 0.412, 0.6, 2.3, 0.258, 0.0, 0.0, 0.0, 0.0, 1.0, 0.0, 0.0, 0.0
1089, Kevin Salvadori, 1610612758, SAC, 27.0, 1.9, 4.1, 0.477, 0.3, 1.3, 0.25, 0.5, 1.8, 0.286, 0.4, 1.9, 0.214, 0.5, 1.4, 0.389, 0.4, 0.9, 0.4, None, None, None, None, None, None, 0.0, 0.0
788, Kevin Willis, 1610612745, HOU, 35.0, 11.0, 17.7, 0.624, 2.5, 6.1, 0.404, 2.0, 5.6, 0.369, 4.7, 11.4, 0.417, 3.8, 9.2, 0.407, 1.1, 3.2, 0.357, 0.0, 0.7, 0.0, 0.0, 0.6, 0.0, 0.1, 0.077
234, Khalid Reeves, 1610612742, DAL, 25.0, 8.7, 14.9, 0.584, 1.7, 4.3, 0.398, 1.8, 4.5, 0.395, 3.3, 8.8, 0.379, 2.2, 5.6, 0.388, 0.8, 2.7, 0.301, 0.0, 1.0, 0.0, 0.0, 0.8, 0.0, 0.1, 0.2
1619, Kiwane Garris, 1610612743, DEN, 23.0, 2.6, 4.1, 0.649, 0.5, 2.1, 0.26, 0.6, 1.8, 0.324, 1.2, 2.8, 0.411, 0.8, 1.8, 0.436, 0.9, 1.8, 0.5, 0.0, 1.0, 0.0, 0.0, 1.0, 0.0, 0.0, 0.0
977, Kobe Bryant, 1610612747, LAL, 19.0, 8.4, 14.6, 0.577, 2.1, 6.3, 0.325, 2.6, 6.5, 0.391, 3.1, 7.9, 0.393, 1.9, 5.1, 0.378, 1.4, 3.8, 0.378, 0.1, 0.7, 0.167, 0.0, 0.2, 0.0, 0.1, 0.15
703, Kurt Thomas, 1610612742, DAL, 25.0, 4.8, 7.4, 0.649, 1.4, 3.4, 0.412, 0.4, 1.6, 0.25, 1.8, 5.2, 0.346, 0.5, 2.5, 0.2, 1.4, 3.6, 0.389, None, None, None, None, None, None, 0.0, 0.0
111, LaPhonso Ellis, 1610612743, DEN, 28.0, 12.1, 18.9, 0.639, 2.1, 5.7, 0.371, 2.0, 6.0, 0.337, 4.5, 11.1, 0.41, 3.5, 8.0, 0.431, 1.7, 4.8, 0.345, 0.0, 0.2, 0.0, 0.0, 0.4, 0.0, 0.1, 0.083
441, Lamond Murray, 1610612746, LAC, 25.0, 13.4, 22.0, 0.61, 3.0, 8.0, 0.38, 2.7, 6.8, 0.403, 3.6, 9.1, 0.395, 2.9, 7.0, 0.412, 1.2, 3.3, 0.347, 0.0, 0.3, 0.0, 0.0, 0.3, 0.0, 0.0, 0.0
913, Larry Johnson, 1610612752, NYK, 29.0, 9.8, 16.1, 0.609, 2.4, 6.1, 0.388, 3.1, 8.9, 0.348, 4.1, 10.3, 0.396, 3.0, 7.6, 0.394, 1.2, 4.2, 0.293, 0.0, 0.0, 0.0, 0.0, 0.3, 0.0, 0.1, 0.333
1683, Larry Robinson, 1610612763, VAN, 30.0, 2.5, 3.2, 0.789, 0.8, 1.8, 0.429, 0.0, 1.0, 0.0, 0.8, 3.0, 0.267, 0.8, 1.8, 0.429, 1.7, 3.3, 0.5, None, None, None, None, None, None, None, None
84, Latrell Sprewell, 1610612744, GSW, 27.0, 15.6, 24.3, 0.641, 3.0, 8.3, 0.362, 2.6, 8.2, 0.322, 5.4, 13.8, 0.394, 3.8, 8.7, 0.434, 1.4, 4.4, 0.328, None, None, None, 0.0, 0.0, 0.0, 0.0, 0.0
1444, Lawrence Funderburke, 1610612758, SAC, 27.0, 7.9, 13.1, 0.605, 1.8, 4.7, 0.39, 1.5, 3.9, 0.377, 2.4, 6.1, 0.39, 2.0, 5.4, 0.371, 0.7, 2.2, 0.308, 0.0, 1.0, 0.0, 0.0, 1.0, 0.0, 0.0, 0.0
734, Lawrence Moten, 1610612764, WAS, 26.0, 2.1, 2.9, 0.739, 0.0, 0.7, 0.0, 0.2, 0.7, 0.25, 0.9, 1.6, 0.545, 0.1, 0.9, 0.167, 0.3, 0.8, 0.333, None, None, None, None, None, None, None, None
289, Ledell Eackles, 1610612764, WAS, 31.0, 4.3, 7.8, 0.55, 0.8, 2.5, 0.333, 1.0, 3.2, 0.313, 1.3, 4.0, 0.317, 1.4, 3.0, 0.46, 0.6, 1.9, 0.333, 0.0, 1.0, 0.0, None, None, None, 0.0, 0.0
195, Lee Mayberry, 1610612763, VAN, 28.0, 8.2, 13.3, 0.613, 1.6, 4.4, 0.363, 1.6, 4.6, 0.357, 3.4, 7.9, 0.425, 1.9, 5.1, 0.377, 1.4, 3.7, 0.374, 0.0, 0.8, 0.0, 0.1, 0.5, 0.25, 0.0, 0.0
283, Lindsey Hunter, 1610612765, DET, 27.0, 10.5, 17.9, 0.585, 2.3, 5.6, 0.402, 3.6, 9.2, 0.396, 5.3, 13.0, 0.409, 2.1, 5.6, 0.378, 1.6, 5.1, 0.32, 0.1, 0.7, 0.2, 0.0, 1.0, 0.0, 0.1, 0.167
1036, Litterial Green, 1610612749, MIL, 28.0, 2.3, 3.8, 0.62, 0.2, 1.2, 0.133, 0.5, 1.3, 0.409, 0.6, 2.3, 0.279, 0.5, 1.2, 0.429, 0.5, 1.2, 0.429, None, None, None, None, None, None, 0.0, 0.0
1380, Lloyd Daniels, 1610612761, TOR, 30.0, 7.5, 10.7, 0.703, 1.8, 3.5, 0.524, 0.8, 3.5, 0.238, 1.3, 3.5, 0.381, 0.7, 2.7, 0.25, 0.4, 1.0, 0.4, None, None, None, None, None, None, 0.0, 0.0
953, Lorenzen Wright, 1610612746, LAC, 22.0, 11.2, 19.0, 0.59, 2.5, 7.2, 0.352, 2.3, 5.8, 0.404, 3.3, 8.9, 0.37, 2.5, 6.3, 0.391, 1.3, 3.5, 0.361, 0.1, 0.3, 0.333, 0.0, 0.1, 0.0, 0.0, 0.0
31, Lorenzo Williams, 1610612764, WAS, 28.0, 3.4, 5.2, 0.658, 0.9, 2.2, 0.417, 0.7, 1.5, 0.45, 1.0, 3.2, 0.31, 1.3, 2.5, 0.519, 0.3, 0.6, 0.4, None, None, None, None, None, None, 0.0, 0.0
919, Loy Vaught, 1610612746, LAC, 30.0, 9.7, 16.1, 0.602, 1.4, 5.6, 0.25, 2.4, 4.9, 0.49, 3.6, 7.6, 0.474, 2.9, 6.5, 0.446, 0.9, 2.2, 0.409, 1.0, 1.0, 1.0, 0.0, 0.0, 0.0, 0.0, 0.0
26, Luc Longley, 1610612741, CHI, 29.0, 9.4, 16.2, 0.579, 1.8, 5.0, 0.365, 2.0, 6.1, 0.328, 3.7, 10.3, 0.358, 2.5, 7.0, 0.361, 1.4, 3.6, 0.38, 0.0, 1.0, 0.0, 0.0, 0.5, 0.0, 0.0, 0.0
446, Lucious Harris, 1610612751, NJN, 27.0, 5.0, 8.1, 0.617, 0.8, 2.3, 0.346, 0.9, 2.1, 0.439, 1.5, 3.5, 0.419, 1.3, 4.1, 0.32, 0.5, 1.5, 0.328, 0.0, 1.0, 0.0, 0.0, 1.0, 0.0, 0.0, 0.0
51, Mahmoud Abdul-Rauf, 1610612758, SAC, 29.0, 6.9, 11.3, 0.61, 1.6, 4.4, 0.366, 1.0, 3.6, 0.28, 2.2, 5.3, 0.411, 1.1, 3.2, 0.34, 0.8, 1.9, 0.417, 0.0, 0.0, 0.0, 0.0, 0.5, 0.0, 0.0, 0.0
990, Malik Rose, 1610612759, SAS, 23.0, 2.5, 4.6, 0.528, 0.9, 2.1, 0.425, 0.7, 2.1, 0.311, 1.0, 2.7, 0.361, 1.1, 2.6, 0.416, 0.4, 1.3, 0.308, 0.2, 0.4, 0.5, None, None, None, 0.0, 0.0
907, Malik Sealy, 1610612765, DET, 28.0, 5.4, 9.7, 0.561, 1.4, 3.3, 0.425, 1.9, 5.1, 0.375, 2.9, 7.8, 0.369, 1.6, 3.9, 0.405, 1.3, 3.7, 0.346, 0.0, 0.7, 0.0, 0.0, 0.8, 0.0, 0.1, 0.111
948, Marcus Camby, 1610612761, TOR, 24.0, 13.5, 23.3, 0.579, 2.1, 6.1, 0.352, 2.1, 5.7, 0.364, 3.8, 9.1, 0.423, 3.3, 8.0, 0.415, 0.9, 2.6, 0.35, 0.0, 0.6, 0.0, 0.0, 0.0, 0.0, 0.1, 0.111
712, Mario Bennett, 1610612747, LAL, 24.0, 2.9, 4.8, 0.604, 0.8, 2.1, 0.395, 1.0, 2.8, 0.374, 1.4, 3.4, 0.409, 0.6, 1.9, 0.333, 0.6, 1.3, 0.417, 0.0, 1.0, 0.0, None, None, None, 0.0, 0.0
53, Mario Elie, 1610612745, HOU, 34.0, 9.3, 15.4, 0.606, 2.3, 5.9, 0.399, 2.2, 5.5, 0.408, 4.1, 9.7, 0.422, 3.1, 7.8, 0.4, 1.0, 2.7, 0.372, 0.0, 0.2, 0.0, 0.0, 0.6, 0.0, 0.1, 0.2
95, Mark Bryant, 1610612756, PHX, 33.0, 5.4, 9.4, 0.578, 1.1, 3.0, 0.373, 1.3, 3.5, 0.379, 1.9, 5.2, 0.369, 1.7, 3.9, 0.444, 0.6, 1.8, 0.327, 0.3, 0.8, 0.333, 0.0, 1.0, 0.0, 0.0, 0.0
707, Mark Davis, 1610612755, PHI, 25.0, 4.2, 7.3, 0.566, 0.8, 2.5, 0.305, 1.2, 3.1, 0.389, 1.5, 3.8, 0.391, 1.1, 2.6, 0.42, 0.9, 2.7, 0.327, 0.2, 1.0, 0.2, 0.3, 0.7, 0.5, 0.0, 0.0
971, Mark Hendrickson, 1610612758, SAC, 24.0, 6.0, 10.3, 0.582, 1.3, 3.9, 0.326, 1.0, 2.6, 0.381, 1.6, 4.2, 0.381, 1.5, 3.9, 0.384, 0.9, 2.5, 0.367, 0.0, 0.5, 0.0, None, None, None, 0.0, 0.0
349, Mark Jackson, 1610612754, IND, 33.0, 9.7, 17.1, 0.567, 2.6, 7.1, 0.366, 2.7, 7.3, 0.372, 3.9, 9.6, 0.404, 2.0, 5.7, 0.344, 1.0, 3.1, 0.319, 0.1, 0.9, 0.167, 0.0, 0.6, 0.0, 0.0, 0.0
998, Mark Pope, 1610612754, IND, 25.0, 1.7, 2.7, 0.64, 1.1, 3.1, 0.364, 0.8, 2.3, 0.333, 1.1, 2.5, 0.446, 0.6, 1.8, 0.314, 0.4, 1.2, 0.368, 0.0, 0.5, 0.0, 0.0, 1.0, 0.0, 0.0, 0.0
899, Mark Price, 1610612753, ORL, 34.0, 8.2, 14.3, 0.576, 2.0, 4.7, 0.426, 1.7, 4.7, 0.36, 3.1, 7.5, 0.413, 2.0, 5.1, 0.381, 0.5, 2.1, 0.261, 0.0, 0.4, 0.0, 0.0, 0.3, 0.0, 0.0, 0.0
1110, Mark Strickland, 1610612748, MIA, 27.0, 5.2, 9.5, 0.548, 1.5, 3.9, 0.378, 1.3, 3.5, 0.382, 1.9, 4.8, 0.388, 1.8, 4.4, 0.403, 0.6, 1.8, 0.341, 0.0, 0.5, 0.0, 0.5, 1.0, 0.5, 0.1, 0.125
770, Mark West, 1610612754, IND, 37.0, 1.8, 2.9, 0.628, 0.7, 1.5, 0.474, 0.5, 1.7, 0.292, 1.0, 2.6, 0.385, 0.8, 1.9, 0.4, 0.1, 0.9, 0.111, 0.0, 0.0, 0.0, 0.0, 0.0, 0.0, 0.0, 0.0
1527, Marko Milic, 1610612756, PHX, 21.0, 1.8, 3.0, 0.58, 0.5, 1.3, 0.414, 0.1, 0.9, 0.143, 0.7, 1.6, 0.429, 0.8, 2.3, 0.352, 0.3, 0.8, 0.313, None, None, None, 0.0, 1.0, 0.0, None, None
982, Martin Muursepp, 1610612742, DAL, 23.0, 6.0, 9.7, 0.615, 1.2, 2.6, 0.48, 0.9, 2.4, 0.398, 2.0, 5.2, 0.377, 1.3, 3.4, 0.381, 0.6, 2.1, 0.282, None, None, None, 0.0, 0.5, 0.0, 0.0, 0.0
55, Marty Conlon, 1610612748, MIA, 30.0, 3.9, 6.6, 0.588, 0.9, 2.3, 0.389, 0.8, 2.3, 0.357, 1.0, 3.1, 0.327, 0.9, 2.9, 0.327, 0.5, 1.8, 0.259, None, None, None, None, None, None, 0.0, 0.0
672, Matt Bullard, 1610612745, HOU, 31.0, 6.3, 10.3, 0.618, 1.7, 4.2, 0.393, 1.2, 3.3, 0.353, 3.0, 6.8, 0.436, 2.3, 5.7, 0.405, 0.6, 1.4, 0.384, 0.0, 0.5, 0.0, 0.0, 1.0, 0.0, 0.0, 0.0
761, Matt Geiger, 1610612766, CHH, 28.0, 8.6, 13.7, 0.626, 1.9, 4.7, 0.404, 1.9, 5.1, 0.378, 2.7, 6.9, 0.397, 2.7, 6.3, 0.422, 0.8, 2.4, 0.335, 0.0, 0.3, 0.0, 0.0, 0.6, 0.0, 0.0, 0.0
1074, Matt Maloney, 1610612745, HOU, 26.0, 9.7, 16.2, 0.601, 2.4, 6.2, 0.392, 2.0, 5.3, 0.378, 4.6, 10.5, 0.432, 3.6, 8.6, 0.422, 0.9, 2.7, 0.343, 0.0, 0.0, 0.0, 0.0, 0.7, 0.0, 0.1, 0.1
1508, Maurice Taylor, 1610612746, LAC, 21.0, 8.1, 13.6, 0.597, 1.8, 5.0, 0.365, 1.8, 4.1, 0.424, 2.4, 5.9, 0.416, 1.7, 4.7, 0.36, 1.0, 2.6, 0.382, 0.0, 0.2, 0.0, 0.0, 0.3, 0.0, 0.0, 0.0
262, Michael Cage, 1610612751, NJN, 36.0, 5.6, 9.5, 0.594, 1.2, 2.7, 0.434, 0.9, 2.6, 0.361, 1.8, 4.6, 0.398, 1.4, 4.0, 0.35, 0.6, 1.7, 0.36, None, None, None, 0.0, 0.5, 0.0, 0.0, 0.0
688, Michael Curry, 1610612749, MIL, 29.0, 8.6, 14.5, 0.595, 1.6, 4.4, 0.374, 2.0, 5.5, 0.367, 2.7, 6.8, 0.393, 1.4, 4.0, 0.364, 1.3, 3.3, 0.4, 0.0, 0.6, 0.0, 0.0, 0.5, 0.0, 0.0, 0.0
714, Michael Finley, 1610612742, DAL, 25.0, 15.9, 26.6, 0.598, 2.8, 7.1, 0.393, 3.2, 8.1, 0.396, 6.0, 15.1, 0.398, 3.6, 9.5, 0.38, 1.5, 4.9, 0.301, 0.0, 0.7, 0.0, 0.0, 0.8, 0.0, 0.1, 0.1
893, Michael Jordan, 1610612741, CHI, 35.0, 12.9, 22.0, 0.585, 2.1, 5.9, 0.352, 2.9, 8.4, 0.341, 4.5, 12.5, 0.365, 3.5, 9.6, 0.361, 1.7, 4.7, 0.356, 0.0, 0.4, 0.0, 0.0, 0.8, 0.0, 0.0, 0.0
1075, Michael McDonald, 1610612766, CHH, 29.0, 3.0, 3.0, 1.0, 0.0, 1.0, 0.0, None, None, None, 0.0, 2.0, 0.0, 1.0, 2.0, 0.5, 0.0, 0.0, 0.0, None, None, None, None, None, None, None, None
63, Michael Smith, 1610612763, VAN, 26.0, 9.0, 14.2, 0.636, 2.0, 5.0, 0.395, 1.6, 4.3, 0.362, 3.1, 7.3, 0.43, 2.0, 4.6, 0.423, 1.2, 3.3, 0.354, 0.0, 0.5, 0.0, 1.0, 1.0, 1.0, 0.0, 0.0
1565, Michael Stewart, 1610612758, SAC, 23.0, 8.0, 13.8, 0.579, 2.0, 5.5, 0.36, 1.6, 4.4, 0.362, 2.4, 6.3, 0.389, 1.8, 5.2, 0.343, 0.8, 2.4, 0.318, 0.0, 1.0, 0.0, 0.3, 0.8, 0.333, 0.0, 0.0
52, Micheal Williams, 1610612750, MIN, 31.0, 2.8, 4.5, 0.616, 0.4, 1.6, 0.273, 0.5, 1.6, 0.294, 0.8, 2.1, 0.388, 1.1, 2.5, 0.417, 0.2, 0.8, 0.25, 0.0, 1.0, 0.0, 0.0, 1.0, 0.0, 0.0, 0.0
782, Mitch Richmond, 1610612758, SAC, 33.0, 13.4, 22.6, 0.594, 3.4, 9.0, 0.375, 3.0, 7.8, 0.38, 4.4, 11.0, 0.403, 3.4, 8.6, 0.395, 1.1, 3.8, 0.296, 0.0, 0.6, 0.0, 0.0, 1.0, 0.0, 0.0, 0.0
348, Mitchell Butler, 1610612739, CLE, 27.0, 3.8, 7.1, 0.535, 0.5, 2.0, 0.265, 0.6, 2.7, 0.209, 1.4, 3.2, 0.436, 0.8, 2.4, 0.316, 0.5, 2.1, 0.259, None, None, None, 0.0, 0.0, 0.0, 0.0, 0.0
42, Monty Williams, 1610612759, SAS, 26.0, 5.3, 10.4, 0.507, 1.4, 3.8, 0.366, 1.7, 4.5, 0.378, 2.2, 6.0, 0.361, 1.7, 4.3, 0.392, 0.7, 2.4, 0.312, 0.0, 0.0, 0.0, 0.3, 0.5, 0.5, 0.0, 0.0
302, Mookie Blaylock, 1610612737, ATL, 31.0, 11.3, 20.7, 0.546, 2.8, 7.1, 0.388, 4.7, 11.8, 0.398, 4.8, 11.7, 0.411, 2.5, 6.8, 0.373, 1.8, 5.8, 0.317, 0.0, 0.6, 0.0, 0.1, 0.3, 0.5, 0.1, 0.25
177, Muggsy Bogues, 1610612744, GSW, 33.0, 8.5, 14.0, 0.608, 2.1, 6.2, 0.34, 1.9, 5.6, 0.334, 3.4, 8.7, 0.395, 2.3, 5.5, 0.415, 0.9, 2.9, 0.302, None, None, None, 0.0, 0.3, 0.0, 0.0, 0.0
203, Nate McMillan, 1610612760, SEA, 33.0, 4.3, 6.5, 0.667, 0.6, 2.7, 0.229, 0.8, 2.6, 0.319, 1.3, 3.1, 0.411, 1.6, 3.4, 0.452, 0.9, 3.2, 0.291, 0.0, 0.0, 0.0, 0.0, 1.0, 0.0, 0.0, 0.0
98, Nick Anderson, 1610612753, ORL, 30.0, 10.3, 18.2, 0.565, 2.2, 5.3, 0.408, 2.1, 5.9, 0.362, 4.0, 9.5, 0.424, 2.8, 7.3, 0.387, 0.9, 3.5, 0.263, 0.0, 0.4, 0.0, 0.0, 0.2, 0.0, 0.0, 0.0
89, Nick Van Exel, 1610612747, LAL, 26.0, 10.6, 18.3, 0.58, 2.4, 7.5, 0.321, 3.0, 7.8, 0.39, 3.8, 9.9, 0.384, 2.6, 6.6, 0.391, 1.5, 4.5, 0.333, 0.3, 0.7, 0.5, 0.1, 0.4, 0.333, 0.0, 0.0
178, Olden Polynice, 1610612758, SAC, 33.0, 8.0, 12.9, 0.617, 1.9, 5.0, 0.374, 1.5, 4.0, 0.383, 2.6, 6.5, 0.398, 2.1, 4.8, 0.429, 0.8, 2.4, 0.325, 0.0, 0.5, 0.0, 0.0, 1.0, 0.0, 0.0, 0.0
932, Oliver Miller, 1610612761, TOR, 28.0, 10.4, 17.5, 0.594, 1.7, 4.8, 0.353, 1.7, 4.8, 0.35, 3.2, 7.6, 0.419, 3.1, 6.7, 0.46, 0.8, 2.3, 0.348, 0.0, 0.6, 0.0, 0.5, 0.5, 1.0, 0.0, 0.0
970, Othella Harrington, 1610612745, HOU, 24.0, 5.3, 8.7, 0.616, 1.6, 3.4, 0.459, 1.5, 3.4, 0.432, 2.5, 6.1, 0.414, 1.8, 4.4, 0.401, 0.6, 1.7, 0.342, 0.0, 0.0, 0.0, 0.2, 0.5, 0.333, 0.0, 0.0
901, Otis Thorpe, 1610612758, SAC, 35.0, 10.7, 16.7, 0.643, 2.5, 6.1, 0.401, 3.0, 7.4, 0.405, 4.9, 11.6, 0.423, 2.7, 6.8, 0.406, 1.5, 4.2, 0.361, 0.0, 0.6, 0.0, 0.0, 0.4, 0.0, 0.0, 0.0
136, P.J. Brown, 1610612748, MIA, 28.0, 9.4, 17.1, 0.549, 2.7, 7.0, 0.392, 2.9, 8.2, 0.359, 3.6, 9.8, 0.37, 2.5, 6.8, 0.365, 1.1, 2.8, 0.381, 0.1, 0.4, 0.333, 0.1, 0.7, 0.2, 0.0, 0.0
121, Patrick Ewing, 1610612752, NYK, 35.0, 9.5, 16.0, 0.594, 2.0, 5.8, 0.338, 3.2, 9.5, 0.332, 3.9, 11.0, 0.352, 2.6, 6.8, 0.385, 1.0, 3.8, 0.263, 0.0, 0.0, 0.0, 0.0, 0.3, 0.0, None, None
442, Pervis Ellison, 1610612738, BOS, 31.0, 5.5, 8.9, 0.614, 0.6, 2.1, 0.29, 1.0, 2.6, 0.382, 1.4, 3.3, 0.433, 0.6, 2.5, 0.256, 0.4, 1.3, 0.342, 0.0, 0.0, 0.0, 0.0, 0.0, 0.0, 0.0, 0.0
432, Pete Chilcutt, 1610612763, VAN, 29.0, 6.0, 9.9, 0.604, 1.2, 3.2, 0.375, 1.1, 3.2, 0.358, 2.5, 6.0, 0.418, 1.7, 3.8, 0.435, 1.2, 2.9, 0.406, 0.0, 0.4, 0.0, 0.0, 0.4, 0.0, 0.0, 0.0
939, Pete Myers, 1610612752, NYK, 34.0, 1.0, 2.0, 0.5, 0.3, 0.7, 0.5, 0.6, 2.0, 0.3, 0.3, 1.8, 0.182, 1.0, 2.8, 0.353, 0.7, 1.0, 0.667, 0.0, 0.0, 0.0, None, None, None, None, None
71, Pooh Richardson, 1610612746, LAC, 32.0, 7.3, 12.3, 0.592, 1.8, 4.8, 0.376, 1.6, 3.8, 0.415, 2.3, 5.2, 0.448, 1.8, 4.2, 0.416, 0.8, 2.2, 0.35, 0.0, 0.2, 0.0, 0.0, 0.3, 0.0, 0.0, 0.0
461, Popeye Jones, 1610612761, TOR, 28.0, 10.4, 16.7, 0.62, 1.2, 4.2, 0.288, 1.9, 4.8, 0.388, 2.1, 6.5, 0.33, 2.1, 5.4, 0.387, 1.6, 3.3, 0.487, 0.0, 0.5, 0.0, 0.0, 0.0, 0.0, 0.0, 0.0
968, Priest Lauderdale, 1610612743, DEN, 24.0, 2.6, 4.3, 0.592, 0.6, 1.3, 0.442, 0.8, 1.9, 0.391, 1.7, 4.2, 0.409, 0.5, 1.5, 0.321, 0.7, 1.8, 0.412, 0.0, 0.5, 0.0, 0.0, 1.0, 0.0, 0.0, 0.0
753, Randy Brown, 1610612741, CHI, 30.0, 5.2, 8.9, 0.586, 1.0, 2.6, 0.374, 1.0, 3.7, 0.28, 1.9, 5.4, 0.351, 1.3, 3.6, 0.359, 0.9, 2.7, 0.322, 0.0, 0.8, 0.0, 0.2, 0.7, 0.25, 0.0, 0.0
988, Randy Livingston, 1610612737, ATL, 23.0, 2.3, 3.9, 0.596, 1.2, 1.8, 0.636, 1.1, 3.0, 0.367, 0.5, 2.0, 0.227, 0.8, 2.1, 0.391, 0.7, 1.5, 0.467, 0.0, 1.0, 0.0, 0.0, 1.0, 0.0, 0.0, 0.0
739, Rasheed Wallace, 1610612757, POR, 23.0, 11.2, 20.9, 0.536, 2.5, 6.8, 0.37, 2.1, 6.4, 0.331, 4.9, 11.7, 0.416, 4.7, 13.0, 0.364, 1.1, 3.4, 0.333, 0.1, 0.6, 0.2, 0.2, 0.8, 0.2, 0.0, 0.0
951, Ray Allen, 1610612749, MIL, 22.0, 14.9, 24.3, 0.613, 2.8, 7.7, 0.36, 3.6, 8.9, 0.406, 4.5, 11.7, 0.383, 2.1, 6.0, 0.357, 1.7, 5.3, 0.325, 0.1, 0.9, 0.167, 0.0, 0.4, 0.0, 0.0, 0.0
1002, Reggie Geary, 1610612759, SAS, 24.0, 2.9, 6.1, 0.471, 0.7, 2.3, 0.325, 1.0, 2.6, 0.406, 1.2, 3.5, 0.34, 1.2, 3.2, 0.357, 0.5, 1.8, 0.268, 0.0, 0.5, 0.0, 0.0, 0.0, 0.0, 0.0, 0.0
1682, Reggie Hanson, 1610612738, BOS, 29.0, 0.6, 1.0, 0.625, 0.4, 1.0, 0.4, 0.2, 1.0, 0.2, 0.6, 0.8, 0.833, 0.5, 1.3, 0.4, 0.3, 1.0, 0.333, None, None, None, None, None, None, None, None
674, Reggie Jordan, 1610612750, MIN, 30.0, 3.1, 5.1, 0.608, 0.6, 1.9, 0.294, 0.7, 2.1, 0.351, 1.2, 2.9, 0.407, 0.9, 2.7, 0.331, 0.6, 1.5, 0.4, 1.0, 1.0, 1.0, 0.0, 0.7, 0.0, 0.0, 0.0
397, Reggie Miller, 1610612754, IND, 32.0, 11.2, 19.7, 0.567, 3.0, 8.5, 0.355, 3.0, 8.1, 0.373, 4.5, 11.1, 0.403, 2.3, 6.4, 0.361, 1.1, 3.8, 0.301, 0.1, 0.5, 0.2, 0.0, 0.5, 0.0, 0.0, 0.0
1073, Reggie Slater, 1610612761, TOR, 27.0, 9.1, 14.9, 0.614, 1.4, 3.9, 0.358, 1.5, 4.0, 0.377, 2.4, 5.9, 0.401, 2.4, 5.7, 0.415, 0.7, 2.4, 0.31, 0.2, 0.7, 0.25, 0.0, 0.0, 0.0, 0.1, 0.1
364, Rex Chapman, 1610612756, PHX, 30.0, 12.2, 20.5, 0.595, 2.4, 6.9, 0.348, 2.7, 6.9, 0.39, 3.8, 10.1, 0.377, 3.1, 7.9, 0.387, 1.2, 3.3, 0.361, 0.0, 0.7, 0.0, 0.0, 0.8, 0.0, 0.1, 0.1
777, Rex Walters, 1610612748, MIA, 28.0, 2.4, 4.1, 0.584, 0.5, 1.3, 0.385, 0.5, 1.2, 0.41, 0.9, 2.5, 0.366, 0.6, 1.9, 0.296, 0.3, 1.2, 0.276, 0.0, 0.0, 0.0, 0.0, 1.0, 0.0, 0.0, 0.0
1594, Rick Brunson, 1610612757, POR, 26.0, 5.2, 9.4, 0.552, 1.0, 2.7, 0.375, 0.8, 2.4, 0.351, 2.2, 5.6, 0.402, 2.7, 7.6, 0.36, 0.6, 1.7, 0.333, 0.0, 0.5, 0.0, 1.0, 1.0, 1.0, 0.0, 0.0
296, Rick Fox, 1610612747, LAL, 28.0, 10.8, 18.5, 0.582, 2.6, 7.9, 0.332, 3.0, 8.1, 0.369, 4.0, 11.1, 0.364, 2.6, 6.3, 0.416, 1.8, 4.9, 0.375, 0.3, 0.7, 0.4, 0.2, 0.5, 0.333, 0.1, 0.154
328, Rick Mahorn, 1610612765, DET, 39.0, 2.9, 5.2, 0.553, 0.9, 2.2, 0.404, 1.2, 3.4, 0.366, 1.7, 4.2, 0.393, 0.8, 2.4, 0.352, 0.8, 2.5, 0.303, 0.1, 0.6, 0.25, None, None, None, 0.1, 0.167
894, Ricky Pierce, 1610612749, MIL, 38.0, 4.2, 6.7, 0.63, 0.8, 2.1, 0.371, 1.0, 2.9, 0.349, 1.4, 3.3, 0.441, 0.7, 2.2, 0.328, 0.6, 1.4, 0.385, 0.0, 1.0, 0.0, 0.0, 0.7, 0.0, 0.0, 0.0
22, Rik Smits, 1610612754, IND, 31.0, 9.3, 16.3, 0.572, 2.3, 6.5, 0.348, 2.5, 6.8, 0.374, 3.5, 9.3, 0.375, 1.8, 5.3, 0.34, 0.9, 2.9, 0.311, 0.0, 0.7, 0.0, 0.0, 0.3, 0.0, 0.0, 0.0
109, Robert Horry, 1610612747, LAL, 27.0, 9.6, 16.8, 0.573, 2.1, 6.9, 0.311, 2.9, 7.7, 0.379, 3.8, 10.3, 0.373, 2.4, 6.0, 0.399, 1.6, 4.5, 0.356, 0.5, 0.5, 1.0, 0.3, 0.7, 0.5, 0.3, 0.333
123, Robert Pack, 1610612742, DAL, 29.0, 10.7, 16.7, 0.64, 1.6, 4.3, 0.365, 2.4, 5.4, 0.446, 4.1, 10.3, 0.398, 1.8, 4.5, 0.407, 0.7, 2.0, 0.364, None, None, None, 0.0, 0.0, 0.0, 0.0, 0.0
393, Rod Strickland, 1610612764, WAS, 31.0, 15.2, 25.8, 0.587, 2.7, 7.1, 0.374, 3.1, 8.2, 0.374, 4.6, 12.3, 0.378, 3.2, 7.9, 0.402, 1.7, 4.6, 0.357, 0.0, 0.5, 0.0, 0.0, 0.6, 0.0, 0.0, 0.0
915, Rodney Rogers, 1610612746, LAC, 27.0, 13.3, 21.7, 0.613, 3.3, 8.1, 0.406, 2.9, 6.7, 0.434, 4.4, 10.0, 0.442, 3.1, 7.2, 0.424, 1.4, 3.8, 0.376, 0.1, 0.3, 0.333, 0.0, 0.2, 0.0, 0.0, 0.0
1518, Rodrick Rhodes, 1610612745, HOU, 24.0, 6.3, 10.2, 0.617, 1.6, 3.7, 0.429, 1.3, 3.1, 0.408, 2.6, 6.7, 0.393, 2.0, 5.4, 0.369, 0.7, 2.0, 0.34, 0.0, 0.0, 0.0, 1.0, 1.0, 1.0, 0.0, 0.0
166, Ron Harper, 1610612741, CHI, 34.0, 9.5, 16.4, 0.583, 1.6, 4.3, 0.378, 2.0, 5.9, 0.346, 3.1, 8.9, 0.346, 2.5, 7.0, 0.355, 1.2, 3.3, 0.367, 0.0, 0.8, 0.0, 0.1, 0.6, 0.2, 0.0, 0.0
1500, Ron Mercer, 1610612738, BOS, 22.0, 14.8, 23.1, 0.641, 1.6, 5.0, 0.313, 1.8, 5.4, 0.33, 3.0, 7.4, 0.406, 2.0, 5.9, 0.344, 1.1, 3.2, 0.326, 0.2, 0.4, 0.5, 0.0, 0.3, 0.0, 0.1, 0.077
938, Rony Seikaly, 1610612751, NJN, 33.0, 10.6, 18.9, 0.562, 2.2, 5.6, 0.395, 2.3, 6.3, 0.372, 4.1, 9.6, 0.425, 2.7, 6.3, 0.432, 0.5, 2.3, 0.211, 0.0, 0.7, 0.0, 0.0, 0.3, 0.0, 0.0, 0.0
964, Roy Rogers, 1610612761, TOR, 24.0, 2.7, 5.6, 0.488, 0.3, 0.8, 0.444, 0.5, 1.2, 0.417, 1.3, 2.1, 0.6, 1.1, 2.5, 0.457, 0.4, 1.2, 0.333, None, None, None, 0.0, 0.0, 0.0, 0.0, 0.0
1601, Rusty LaRue, 1610612741, CHI, 24.0, 2.5, 4.5, 0.556, 1.0, 2.8, 0.355, 1.1, 2.8, 0.394, 1.7, 4.3, 0.393, 0.8, 2.6, 0.29, 0.8, 1.9, 0.412, 0.0, 0.0, 0.0, None, None, None, 0.0, 0.0
208, Sam Cassell, 1610612751, NJN, 28.0, 14.1, 22.9, 0.615, 2.1, 5.6, 0.371, 2.0, 5.5, 0.361, 4.0, 9.9, 0.398, 3.6, 8.8, 0.413, 1.4, 4.0, 0.359, 0.4, 0.6, 0.667, 0.0, 0.5, 0.0, 0.0, 0.0
694, Sam Mack, 1610612763, VAN, 28.0, 9.0, 14.6, 0.619, 1.7, 4.9, 0.354, 2.3, 5.5, 0.417, 4.2, 10.0, 0.421, 2.4, 5.8, 0.417, 1.6, 4.0, 0.414, 0.0, 0.6, 0.0, 0.1, 0.3, 0.333, 0.0, 0.0
417, Sam Mitchell, 1610612750, MIN, 34.0, 10.0, 17.2, 0.579, 1.8, 4.9, 0.359, 1.8, 4.8, 0.379, 3.5, 9.6, 0.362, 3.0, 7.6, 0.399, 1.1, 3.1, 0.349, 0.0, 0.4, 0.0, 0.1, 0.4, 0.25, 0.0, 0.0
64, Sam Perkins, 1610612760, SEA, 37.0, 6.6, 11.2, 0.586, 1.2, 3.2, 0.389, 1.3, 3.5, 0.361, 2.6, 6.7, 0.382, 1.8, 4.6, 0.386, 1.3, 3.5, 0.359, 0.0, 0.9, 0.0, 0.1, 1.0, 0.111, 0.0, 0.0
955, Samaki Walker, 1610612742, DAL, 22.0, 8.9, 15.0, 0.597, 2.0, 4.7, 0.435, 2.3, 5.8, 0.398, 3.7, 8.9, 0.419, 2.0, 5.2, 0.379, 0.9, 3.6, 0.265, 0.0, 0.3, 0.0, 0.0, 1.0, 0.0, 0.0, 0.0
1513, Scot Pollard, 1610612765, DET, 23.0, 2.6, 4.6, 0.572, 0.4, 1.5, 0.293, 0.8, 2.3, 0.344, 1.8, 4.2, 0.43, 1.0, 2.6, 0.4, 0.4, 1.5, 0.275, 0.5, 1.0, 0.5, None, None, None, 0.0, 0.0
418, Scott Brooks, 1610612739, CLE, 32.0, 2.1, 3.6, 0.595, 0.5, 1.7, 0.328, 0.6, 2.0, 0.281, 1.2, 2.7, 0.441, 0.7, 1.9, 0.391, 0.5, 1.6, 0.286, None, None, None, 0.0, 0.0, 0.0, 0.0, 0.0
197, Scott Burrell, 1610612741, CHI, 27.0, 4.4, 7.6, 0.584, 0.8, 2.2, 0.376, 1.0, 3.0, 0.32, 1.6, 4.6, 0.347, 1.2, 3.7, 0.331, 0.7, 2.1, 0.336, 0.0, 0.2, 0.0, 0.0, 1.0, 0.0, 0.0, 0.0
281, Scott Williams, 1610612755, PHI, 30.0, 4.0, 7.2, 0.56, 1.0, 2.1, 0.448, 1.5, 3.9, 0.385, 1.9, 4.3, 0.455, 1.0, 2.4, 0.414, 0.9, 2.8, 0.324, 0.0, 0.8, 0.0, 0.2, 0.8, 0.2, 0.0, 0.0
937, Scottie Pippen, 1610612741, CHI, 32.0, 13.4, 22.6, 0.592, 2.0, 5.3, 0.385, 2.5, 7.5, 0.329, 3.9, 11.0, 0.357, 4.0, 10.1, 0.396, 1.7, 4.7, 0.357, 0.0, 0.0, 0.0, 0.1, 0.6, 0.25, 0.0, 0.0
251, Sean Elliott, 1610612759, SAS, 30.0, 7.3, 14.9, 0.49, 1.9, 6.2, 0.315, 2.9, 6.6, 0.431, 4.1, 10.4, 0.392, 2.6, 7.1, 0.362, 1.1, 3.3, 0.324, 0.0, 1.0, 0.0, None, None, None, 0.0, 0.0
925, Sean Higgins, 1610612757, POR, 29.0, 3.0, 4.5, 0.667, 0.5, 2.0, 0.25, 0.5, 1.0, 0.5, 1.5, 3.5, 0.429, 0.5, 1.0, 0.5, None, None, None, None, None, None, None, None, None, None, None
399, Sean Rooks, 1610612747, LAL, 28.0, 3.8, 6.7, 0.573, 1.0, 2.9, 0.356, 1.1, 2.9, 0.39, 1.4, 3.5, 0.382, 0.7, 2.2, 0.314, 0.6, 1.9, 0.317, 0.0, 0.0, 0.0, 0.0, 1.0, 0.0, 0.0, 0.0
1000, Shandon Anderson, 1610612762, UTA, 24.0, 5.8, 10.2, 0.57, 1.2, 3.3, 0.381, 1.1, 3.2, 0.349, 2.0, 5.6, 0.352, 2.6, 6.6, 0.393, 0.8, 2.1, 0.37, 0.0, 0.6, 0.0, 0.0, 1.0, 0.0, 0.0, 0.0
406, Shaquille O'Neal, 1610612747, LAL, 26.0, 11.1, 19.4, 0.573, 2.9, 9.0, 0.323, 3.6, 9.9, 0.366, 4.5, 12.3, 0.369, 2.7, 6.6, 0.409, 2.0, 5.1, 0.386, 0.0, 0.3, 0.0, 0.0, 0.3, 0.0, 0.0, 0.0
949, Shareef Abdur-Rahim, 1610612763, VAN, 21.0, 13.8, 22.0, 0.624, 2.6, 6.8, 0.378, 2.9, 7.7, 0.369, 5.8, 13.3, 0.437, 3.2, 7.8, 0.405, 1.9, 5.0, 0.389, 0.0, 0.6, 0.0, 0.1, 0.5, 0.2, 0.0, 0.0
412, Sharone Wright, 1610612761, TOR, 25.0, 2.9, 4.1, 0.69, 0.3, 1.3, 0.222, 0.4, 1.4, 0.3, 1.1, 2.4, 0.471, 0.3, 1.1, 0.25, 0.5, 1.3, 0.375, None, None, None, None, None, None, 0.0, 0.0
762, Shawn Bradley, 1610612742, DAL, 26.0, 9.5, 17.7, 0.539, 1.7, 4.7, 0.363, 2.5, 6.3, 0.399, 4.5, 11.3, 0.396, 2.5, 6.6, 0.377, 1.2, 3.6, 0.333, None, None, None, 0.0, 1.0, 0.0, 0.0, 0.0
431, Shawn Kemp, 1610612739, CLE, 28.0, 11.2, 19.4, 0.577, 1.7, 6.3, 0.278, 2.9, 7.8, 0.378, 4.0, 10.3, 0.391, 2.8, 6.9, 0.396, 1.1, 3.8, 0.302, 0.0, 0.0, 0.0, 0.2, 0.5, 0.333, 0.0, 0.0
704, Shawn Respert, 1610612742, DAL, 26.0, 7.1, 10.9, 0.653, 1.2, 3.3, 0.345, 1.0, 2.9, 0.34, 1.9, 4.4, 0.433, 1.9, 4.3, 0.44, 0.5, 2.0, 0.267, 0.0, 0.6, 0.0, 0.3, 0.3, 1.0, 0.0, 0.0
1035, Shawnelle Scott, 1610612739, CLE, 26.0, 1.4, 2.4, 0.598, 0.3, 1.2, 0.242, 0.4, 1.4, 0.289, 0.7, 1.6, 0.417, 0.6, 1.9, 0.294, 0.3, 1.1, 0.286, None, None, None, 0.0, 0.0, 0.0, 0.0, 0.0
1578, Shea Seals, 1610612747, LAL, 22.0, 0.8, 1.5, 0.5, 0.0, 0.7, 0.0, 0.5, 1.0, 0.5, 0.5, 0.5, 1.0, 0.0, 0.5, 0.0, 0.3, 1.3, 0.25, None, None, None, None, None, None, None, None
428, Sherman Douglas, 1610612751, NJN, 31.0, 7.9, 12.9, 0.612, 1.0, 2.9, 0.358, 1.2, 3.4, 0.36, 2.4, 6.1, 0.39, 1.7, 5.4, 0.32, 0.9, 2.4, 0.353, 0.0, 0.0, 0.0, 0.0, 0.3, 0.0, 0.0, 0.0
892, Spud Webb, 1610612753, ORL, 34.0, 3.5, 6.0, 0.583, 1.0, 1.5, 0.667, 0.7, 2.7, 0.25, 2.0, 2.3, 0.857, 0.5, 1.8, 0.286, 0.0, 1.0, 0.0, None, None, None, None, None, None, 0.0, 0.0
278, Stacey Augmon, 1610612757, POR, 29.0, 6.6, 12.4, 0.53, 1.5, 4.0, 0.371, 1.1, 3.3, 0.325, 2.0, 5.8, 0.348, 2.6, 7.2, 0.363, 0.9, 2.0, 0.467, 0.0, 0.3, 0.0, 0.0, 0.7, 0.0, 0.0, 0.0
914, Stanley Roberts, 1610612750, MIN, 28.0, 5.6, 9.9, 0.57, 1.3, 3.6, 0.374, 1.5, 3.6, 0.408, 2.4, 6.8, 0.355, 2.1, 5.5, 0.388, 0.7, 2.1, 0.358, 1.0, 1.0, 1.0, 0.0, 0.3, 0.0, 0.0, 0.0
1128, Stephen Howard, 1610612760, SEA, 27.0, 1.6, 2.4, 0.677, 0.6, 1.0, 0.556, 0.2, 1.0, 0.222, 0.5, 1.8, 0.3, 0.0, 1.3, 0.0, 0.3, 1.2, 0.25, None, None, None, None, None, None, None, None
950, Stephon Marbury, 1610612750, MIN, 21.0, 13.6, 23.7, 0.574, 2.9, 7.3, 0.391, 2.6, 6.6, 0.399, 4.7, 13.0, 0.364, 4.3, 11.0, 0.387, 1.5, 4.1, 0.357, 0.0, 0.3, 0.0, 0.2, 0.5, 0.333, 0.0, 0.0
1667, Steve Henson, 1610612765, DET, 30.0, 0.7, 1.3, 0.533, 0.4, 0.6, 0.6, 0.6, 1.1, 0.556, 0.9, 2.5, 0.367, 0.3, 1.0, 0.333, 0.4, 1.3, 0.333, 0.0, 0.0, 0.0, None, None, None, 0.0, 0.0
70, Steve Kerr, 1610612741, CHI, 32.0, 7.5, 12.9, 0.579, 1.4, 3.4, 0.412, 1.6, 5.2, 0.313, 2.7, 6.7, 0.398, 1.5, 5.1, 0.3, 0.7, 2.7, 0.244, 0.1, 0.6, 0.25, 0.0, 0.5, 0.0, 0.0, 0.0
959, Steve Nash, 1610612756, PHX, 24.0, 6.8, 11.9, 0.569, 1.7, 4.9, 0.357, 1.5, 4.8, 0.306, 2.5, 6.7, 0.378, 2.1, 5.5, 0.385, 0.8, 2.5, 0.327, 0.3, 0.8, 0.333, 0.0, 0.7, 0.0, 0.0, 0.0
120, Steven Smith, 1610612737, ATL, 29.0, 12.5, 22.9, 0.547, 2.8, 7.1, 0.39, 4.4, 11.1, 0.393, 5.0, 11.9, 0.421, 2.8, 7.3, 0.383, 1.8, 5.6, 0.318, 0.0, 0.4, 0.0, 0.0, 0.4, 0.0, 0.1, 0.1
1037, Stojko Vrankovic, 1610612746, LAC, 34.0, 5.9, 10.3, 0.567, 1.5, 4.1, 0.357, 1.7, 3.8, 0.459, 2.3, 5.1, 0.458, 1.4, 3.6, 0.396, 0.5, 1.6, 0.287, 0.0, 0.3, 0.0, 0.0, 0.0, 0.0, 0.0, 0.0
1505, Tariq Abdul-Wahad, 1610612758, SAC, 23.0, 6.4, 10.3, 0.619, 1.3, 3.8, 0.349, 1.2, 3.3, 0.358, 1.9, 4.6, 0.401, 1.5, 4.4, 0.339, 0.9, 2.6, 0.354, 0.0, 0.5, 0.0, 0.5, 1.0, 0.5, 0.0, 0.0
210, Terrell Brandon, 1610612749, MIL, 28.0, 13.1, 21.4, 0.61, 2.4, 7.0, 0.337, 3.2, 7.7, 0.421, 4.2, 10.8, 0.391, 1.9, 5.5, 0.354, 1.3, 4.4, 0.3, 0.0, 0.8, 0.0, 0.0, 1.0, 0.0, 0.0, 0.0
187, Terry Cummings, 1610612752, NYK, 37.0, 5.1, 8.3, 0.609, 1.0, 2.9, 0.359, 1.5, 4.1, 0.374, 2.1, 4.9, 0.423, 0.9, 2.8, 0.342, 0.6, 2.3, 0.263, 0.0, 0.8, 0.0, 0.2, 0.8, 0.25, 0.1, 0.2
426, Terry Davis, 1610612764, WAS, 31.0, 8.8, 14.5, 0.603, 1.7, 4.2, 0.405, 1.8, 4.9, 0.362, 2.9, 7.7, 0.37, 2.0, 4.6, 0.425, 1.1, 2.9, 0.39, None, None, None, 0.0, 0.5, 0.0, 0.0, 0.0
143, Terry Dehere, 1610612758, SAC, 26.0, 6.5, 11.1, 0.581, 1.7, 4.5, 0.372, 1.4, 3.4, 0.403, 2.4, 6.0, 0.395, 1.7, 4.4, 0.396, 0.7, 2.1, 0.329, 0.0, 0.3, 0.0, 0.0, 0.7, 0.0, 0.0, 0.0
371, Terry Mills, 1610612748, MIA, 30.0, 4.8, 8.0, 0.601, 1.4, 3.9, 0.357, 1.2, 3.2, 0.373, 1.6, 4.7, 0.343, 1.5, 3.7, 0.408, 0.5, 1.9, 0.27, 0.5, 1.0, 0.5, 0.0, 0.5, 0.0, 0.0, 0.0
345, Terry Porter, 1610612750, MIN, 35.0, 7.6, 13.0, 0.583, 1.4, 3.9, 0.366, 1.5, 3.9, 0.385, 2.7, 7.0, 0.389, 2.4, 6.5, 0.374, 0.8, 2.4, 0.322, 0.0, 0.3, 0.0, 0.1, 0.6, 0.25, 0.0, 0.0
689, Theo Ratliff, 1610612755, PHI, 25.0, 8.6, 15.5, 0.557, 2.0, 6.0, 0.326, 2.8, 7.6, 0.369, 3.9, 9.4, 0.417, 2.4, 4.8, 0.491, 1.8, 5.5, 0.317, 0.2, 0.7, 0.25, 0.0, 0.5, 0.0, 0.0, 0.0
160, Tim Breaux, 1610612749, MIL, 27.0, 1.7, 3.2, 0.526, 0.7, 1.7, 0.4, 1.0, 2.7, 0.375, 0.5, 2.0, 0.25, 0.3, 1.0, 0.333, 0.0, 0.5, 0.0, 0.0, 1.0, 0.0, None, None, None, None, None
1495, Tim Duncan, 1610612759, SAS, 22.0, 10.5, 21.5, 0.49, 2.9, 8.4, 0.349, 3.7, 9.7, 0.384, 5.3, 13.1, 0.402, 3.2, 8.8, 0.364, 1.3, 4.2, 0.308, 0.0, 0.3, 0.0, 0.2, 0.5, 0.333, 0.0, 0.0
896, Tim Hardaway, 1610612748, MIA, 31.0, 11.1, 20.5, 0.54, 3.3, 8.3, 0.398, 3.2, 9.0, 0.351, 4.2, 11.1, 0.383, 3.2, 8.6, 0.371, 1.3, 3.5, 0.379, 0.1, 0.5, 0.2, 0.1, 0.6, 0.2, 0.0, 0.0
1118, Tim Kempton, 1610612761, TOR, 34.0, 3.0, 5.8, 0.522, 0.3, 0.9, 0.333, 1.0, 2.3, 0.429, 1.0, 2.3, 0.438, 0.6, 1.4, 0.4, 0.0, 1.0, 0.0, None, None, None, None, None, None, None, None
100, Tim Legler, 1610612764, WAS, 31.0, 3.6, 6.1, 0.592, 0.8, 1.6, 0.5, 0.8, 2.2, 0.385, 1.0, 2.1, 0.471, 0.1, 1.1, 0.125, 1.0, 2.8, 0.357, 0.0, 1.0, 0.0, None, None, None, None, None
1501, Tim Thomas, 1610612755, PHI, 21.0, 7.4, 12.9, 0.572, 1.5, 4.1, 0.357, 2.1, 6.0, 0.352, 2.9, 6.9, 0.422, 2.0, 4.1, 0.484, 1.4, 4.3, 0.334, 0.1, 0.9, 0.167, 0.0, 0.6, 0.0, 0.0, 0.0
103, Todd Day, 1610612748, MIA, 28.0, 5.4, 8.2, 0.659, 1.3, 2.5, 0.5, 1.6, 3.0, 0.533, 1.8, 2.8, 0.643, 1.4, 3.4, 0.412, 0.2, 0.8, 0.25, 1.0, 1.0, 1.0, None, None, None, 0.0, 0.0
957, Todd Fuller, 1610612744, GSW, 23.0, 3.9, 6.4, 0.608, 0.9, 3.2, 0.269, 0.8, 2.3, 0.357, 1.6, 4.1, 0.395, 0.8, 2.4, 0.339, 0.4, 1.3, 0.281, None, None, None, 0.0, 0.3, 0.0, 0.0, 0.0
1472, Tom Chambers, 1610612755, PHI, 39.0, 5.0, 8.0, 0.625, 0.0, 1.0, 0.0, 0.0, 4.0, 0.0, 0.0, 0.0, 0.0, None, None, None, 1.0, 3.0, 0.333, None, None, None, None, None, None, None, None
339, Tom Gugliotta, 1610612750, MIN, 28.0, 13.4, 23.0, 0.585, 3.1, 8.0, 0.388, 2.9, 7.3, 0.395, 4.9, 12.7, 0.389, 4.4, 11.9, 0.374, 1.3, 3.9, 0.321, 0.0, 0.6, 0.0, 0.0, 0.5, 0.0, 0.0, 0.0
67, Tom Hammonds, 1610612750, MIN, 31.0, 7.0, 12.0, 0.586, 1.6, 4.0, 0.409, 1.4, 3.7, 0.385, 2.5, 6.8, 0.365, 2.4, 5.7, 0.419, 0.9, 2.5, 0.364, 0.3, 0.3, 1.0, 0.0, 0.5, 0.0, 0.0, 0.0
389, Toni Kukoc, 1610612741, CHI, 29.0, 10.0, 17.0, 0.589, 1.7, 4.4, 0.376, 1.9, 6.7, 0.28, 3.7, 10.0, 0.367, 2.5, 7.6, 0.333, 1.3, 4.0, 0.322, 0.1, 0.6, 0.25, 0.0, 0.3, 0.0, 0.0, 0.0
1499, Tony Battie, 1610612743, DEN, 22.0, 8.0, 13.4, 0.599, 1.5, 4.0, 0.385, 1.6, 4.3, 0.362, 3.2, 8.2, 0.394, 2.2, 5.4, 0.405, 1.6, 3.5, 0.44, 0.0, 0.3, 0.0, 0.0, 0.5, 0.0, 0.0, 0.0
960, Tony Delk, 1610612744, GSW, 24.0, 7.5, 12.7, 0.586, 1.6, 5.7, 0.284, 1.6, 4.5, 0.36, 3.0, 7.5, 0.401, 1.8, 4.5, 0.397, 0.9, 2.9, 0.323, 0.0, 0.3, 0.0, 0.0, 0.3, 0.0, 0.0, 0.0
434, Tony Dumas, 1610612739, CLE, 25.0, 1.4, 3.3, 0.435, 0.6, 1.6, 0.375, 0.3, 1.7, 0.2, 1.2, 2.5, 0.467, 1.0, 2.3, 0.429, 0.5, 1.0, 0.5, None, None, None, None, None, None, None, None
1108, Tony Farmer, 1610612766, CHH, 28.0, 2.3, 4.0, 0.57, 0.5, 1.6, 0.333, 0.7, 1.7, 0.447, 1.3, 2.3, 0.574, 0.5, 2.1, 0.25, 0.6, 1.2, 0.5, 0.0, 0.5, 0.0, None, None, None, 0.0, 0.0
763, Tony Massenburg, 1610612763, VAN, 30.0, 5.9, 9.7, 0.605, 1.2, 2.9, 0.414, 1.0, 2.9, 0.352, 2.0, 4.5, 0.448, 1.7, 3.8, 0.449, 1.0, 2.5, 0.407, 0.0, 0.8, 0.0, 0.0, 0.2, 0.0, 0.0, 0.0
380, Tony Smith, 1610612749, MIL, 30.0, 3.3, 5.1, 0.639, 0.3, 2.5, 0.1, 2.4, 4.2, 0.571, 1.2, 3.0, 0.389, 1.3, 3.0, 0.417, 1.4, 2.4, 0.583, None, None, None, None, None, None, 0.0, 0.0
1503, Tracy McGrady, 1610612761, TOR, 19.0, 7.7, 13.7, 0.564, 1.3, 3.1, 0.414, 1.4, 3.7, 0.369, 2.3, 5.6, 0.415, 2.2, 5.2, 0.435, 0.8, 2.0, 0.412, 0.0, 1.0, 0.0, 0.0, 0.0, 0.0, 0.2, 0.4
145, Tracy Murray, 1610612764, WAS, 26.0, 10.8, 18.2, 0.592, 1.8, 4.7, 0.373, 1.8, 5.4, 0.333, 3.1, 8.0, 0.391, 2.0, 5.4, 0.372, 1.0, 2.9, 0.339, 0.0, 0.4, 0.0, 0.0, 0.4, 0.0, 0.0, 0.0
696, Travis Best, 1610612754, IND, 25.0, 5.0, 8.7, 0.567, 1.7, 4.8, 0.358, 1.3, 3.9, 0.341, 2.3, 5.8, 0.392, 1.3, 3.2, 0.423, 0.6, 2.1, 0.289, 0.0, 0.4, 0.0, 0.0, 0.3, 0.0, 0.0, 0.0
969, Travis Knight, 1610612738, BOS, 23.0, 8.9, 13.8, 0.646, 0.9, 3.0, 0.312, 1.2, 3.5, 0.329, 1.9, 4.5, 0.408, 1.5, 4.1, 0.355, 0.8, 2.2, 0.367, 0.1, 0.3, 0.5, 0.0, 0.5, 0.0, 0.0, 0.0
1576, Travis Williams, 1610612766, CHH, 29.0, 3.1, 5.0, 0.617, 0.7, 2.0, 0.377, 0.7, 1.8, 0.387, 1.3, 2.6, 0.495, 1.3, 3.4, 0.384, 0.6, 1.5, 0.405, 0.5, 1.5, 0.333, 0.0, 0.5, 0.0, 0.0, 0.0
1607, Troy Hudson, 1610612762, UTA, 22.0, 1.0, 1.1, 0.889, 0.4, 0.8, 0.5, 0.0, 1.0, 0.0, 0.0, 1.2, 0.0, 0.4, 1.3, 0.333, 0.0, 2.0, 0.0, None, None, None, None, None, None, None, None
895, Tyrone Corbin, 1610612737, ATL, 35.0, 10.2, 19.0, 0.537, 2.3, 6.1, 0.384, 3.9, 10.3, 0.381, 4.4, 10.6, 0.412, 2.3, 6.0, 0.376, 1.8, 5.2, 0.339, 0.0, 0.6, 0.0, 0.1, 0.5, 0.2, 0.1, 0.2
238, Tyrone Hill, 1610612749, MIL, 30.0, 12.1, 20.2, 0.601, 2.4, 6.9, 0.344, 3.3, 8.7, 0.379, 4.0, 10.6, 0.374, 1.8, 4.5, 0.394, 1.4, 4.4, 0.323, 0.2, 0.8, 0.2, 0.0, 0.7, 0.0, 0.0, 0.0
721, Tyus Edney, 1610612738, BOS, 25.0, 5.0, 8.3, 0.604, 0.7, 2.3, 0.31, 1.1, 2.7, 0.398, 1.0, 2.6, 0.369, 0.8, 2.7, 0.311, 0.4, 1.3, 0.333, 0.0, 0.5, 0.0, 0.0, 0.0, 0.0, 0.1, 0.167
137, Vernon Maxwell, 1610612766, CHH, 32.0, 4.6, 7.8, 0.595, 1.2, 2.9, 0.403, 0.9, 3.1, 0.295, 1.6, 4.4, 0.374, 2.0, 4.4, 0.45, 0.2, 1.8, 0.111, 0.5, 1.0, 0.5, 0.0, 0.3, 0.0, 0.0, 0.0
452, Vin Baker, 1610612760, SEA, 26.0, 13.0, 22.4, 0.582, 2.1, 5.5, 0.385, 2.2, 6.2, 0.357, 4.6, 11.8, 0.393, 3.2, 8.4, 0.388, 1.6, 5.3, 0.31, 0.0, 0.6, 0.0, 0.2, 0.7, 0.25, 0.0, 0.0
355, Vincent Askew, 1610612757, POR, 32.0, 4.2, 8.0, 0.519, 1.1, 3.2, 0.337, 1.3, 3.2, 0.4, 1.8, 4.1, 0.431, 1.8, 5.1, 0.347, 0.6, 1.9, 0.3, 0.0, 1.0, 0.0, 0.5, 0.5, 1.0, 0.0, 0.0
219, Vinny Del Negro, 1610612759, SAS, 31.0, 8.6, 17.3, 0.497, 2.7, 7.3, 0.372, 3.0, 7.6, 0.39, 4.0, 10.0, 0.398, 2.7, 7.1, 0.378, 1.2, 3.9, 0.31, 0.0, 0.0, 0.0, 0.0, 0.0, 0.0, 0.0, 0.0
958, Vitaly Potapenko, 1610612739, CLE, 23.0, 5.1, 9.1, 0.56, 0.9, 3.3, 0.279, 1.2, 4.0, 0.301, 2.1, 5.0, 0.416, 1.2, 3.2, 0.368, 0.6, 2.3, 0.27, 0.0, 0.0, 0.0, 0.0, 0.5, 0.0, 0.0, 0.0
124, Vlade Divac, 1610612766, CHH, 30.0, 9.3, 15.7, 0.593, 2.5, 6.0, 0.41, 2.4, 6.5, 0.36, 3.1, 7.3, 0.42, 2.7, 6.7, 0.397, 0.9, 3.2, 0.293, 0.3, 0.5, 0.5, 0.2, 0.5, 0.333, 0.0, 0.0
702, Voshon Lenard, 1610612748, MIA, 25.0, 9.8, 18.0, 0.543, 2.8, 7.0, 0.402, 2.9, 8.0, 0.363, 3.6, 9.8, 0.372, 2.4, 7.1, 0.339, 1.0, 2.9, 0.355, 0.1, 0.5, 0.2, 0.1, 0.7, 0.167, 0.1, 0.111
1005, Walt Williams, 1610612757, POR, 28.0, 9.2, 15.3, 0.6, 1.8, 4.7, 0.376, 1.6, 4.3, 0.365, 2.9, 7.1, 0.411, 3.0, 7.5, 0.404, 0.7, 2.1, 0.333, 0.1, 0.6, 0.167, 0.5, 0.5, 1.0, 0.0, 0.0
962, Walter McCarty, 1610612738, BOS, 24.0, 12.6, 19.6, 0.642, 1.5, 4.2, 0.345, 1.5, 4.7, 0.309, 2.8, 6.6, 0.415, 1.9, 5.6, 0.342, 1.0, 2.9, 0.325, 0.1, 0.4, 0.333, 0.0, 0.5, 0.0, 0.0, 0.0
445, Wesley Person, 1610612739, CLE, 27.0, 12.9, 22.6, 0.569, 2.0, 7.2, 0.278, 3.1, 8.6, 0.36, 4.5, 11.3, 0.401, 2.9, 7.5, 0.393, 1.5, 4.5, 0.328, 0.0, 0.0, 0.0, 0.1, 0.5, 0.25, 0.0, 0.0
781, Will Perdue, 1610612759, SAS, 32.0, 5.5, 10.8, 0.511, 1.5, 3.9, 0.38, 1.6, 4.3, 0.361, 2.4, 6.4, 0.373, 1.6, 4.4, 0.369, 0.7, 2.3, 0.285, 0.1, 0.3, 0.333, 0.2, 0.4, 0.5, 0.0, 0.0
1061, William Cunningham, 1610612755, PHI, 24.0, 1.3, 2.0, 0.643, 0.2, 1.0, 0.2, 0.2, 1.5, 0.111, 0.3, 1.7, 0.2, 0.7, 2.8, 0.235, 0.7, 1.7, 0.4, None, None, None, None, None, None, 0.0, 0.0
416, Willie Burton, 1610612759, SAS, 30.0, 1.1, 2.2, 0.5, 0.3, 0.9, 0.286, 0.6, 1.4, 0.429, 0.4, 0.9, 0.5, 1.3, 2.0, 0.643, 0.1, 0.9, 0.125, None, None, None, None, None, None, None, None
1365, Xavier McDaniel, 1610612751, NJN, 35.0, 3.2, 5.3, 0.594, 0.7, 2.1, 0.355, 0.7, 1.9, 0.357, 0.9, 2.2, 0.415, 0.9, 2.6, 0.34, 0.3, 1.4, 0.208, 0.0, 0.0, 0.0, 0.0, 0.0, 0.0, 0.0, 0.0
212, Yinka Dare, 1610612751, NJN, 25.0, 2.5, 3.4, 0.735, 0.6, 1.6, 0.385, 0.3, 1.3, 0.25, 1.1, 1.8, 0.625, 1.6, 3.0, 0.533, 0.0, 1.0, 0.0, None, None, None, 0.0, 1.0, 0.0, 0.0, 0.0
440, Zan Tabak, 1610612738, BOS, 28.0, 7.5, 11.7, 0.645, 1.4, 3.2, 0.436, 0.9, 3.1, 0.298, 1.9, 4.7, 0.402, 1.7, 3.6, 0.477, 0.4, 1.6, 0.26, 0.0, 0.7, 0.0, None, None, None, 0.0, 0.0
980, Zydrunas Ilgauskas, 1610612739, CLE, 23.0, 9.2, 16.6, 0.552, 1.5, 5.3, 0.29, 2.4, 6.7, 0.362, 3.5, 8.6, 0.403, 2.5, 5.7, 0.431, 1.0, 3.0, 0.331, 0.0, 0.0, 0.0, 0.0, 0.3, 0.0, 0.0, 0.0
